REF_CAT_ID;REF_CAT_LABEL;REF_CAT_DESC;TRA_CREATED;TRA_UPDATED
CAT1;DESCRIPTION FOR CAT1;;2003-05-08 23:13:32;2009-06-09 21:38:22
CAT2;DESCRIPTION FOR CAT2;;2001-05-04 12:21:48;2006-09-06 22:27:12
CAT3;DESCRIPTION FOR CAT3;;2009-05-08 11:43:21;2005-05-06 13:42:35
CAT4;DESCRIPTION FOR CAT4;;2009-08-01 23:41:54;2005-09-08 22:49:18
CAT5;DESCRIPTION FOR CAT5;;2005-03-09 21:58:45;2006-08-03 21:15:21
CAT6;DESCRIPTION FOR CAT6;;2003-02-08 21:39:16;2003-08-03 12:59:25
CAT7;DESCRIPTION FOR CAT7;;2004-06-01 12:14:52;2005-02-05 11:42:52
CAT8;DESCRIPTION FOR CAT8;;2006-08-03 13:39:36;2008-01-01 21:12:43
CAT9;DESCRIPTION FOR CAT9;;2009-04-06 12:53:39;2008-04-01 22:16:17
CAT10;DESCRIPTION FOR CAT10;;2003-06-02 12:29:14;2005-09-07 22:15:51
CAT11;DESCRIPTION FOR CAT11;;2004-01-05 21:16:55;2004-07-06 11:43:17
CAT12;DESCRIPTION FOR CAT12;;2002-05-01 13:56:49;2008-03-09 11:25:34
CAT13;DESCRIPTION FOR CAT13;;2006-07-04 11:56:58;2009-07-03 13:14:14
CAT14;DESCRIPTION FOR CAT14;;2004-06-06 23:31:56;2001-08-05 11:11:22
CAT15;DESCRIPTION FOR CAT15;;2002-07-01 23:49:17;2006-09-09 13:41:39
CAT16;DESCRIPTION FOR CAT16;;2006-04-06 11:46:31;2001-06-09 12:46:25
CAT17;DESCRIPTION FOR CAT17;;2009-08-03 22:28:26;2001-05-07 23:59:21
CAT18;DESCRIPTION FOR CAT18;;2003-06-02 22:19:47;2005-02-08 22:35:59
CAT19;DESCRIPTION FOR CAT19;;2003-03-03 23:18:52;2001-07-04 13:22:11
CAT20;DESCRIPTION FOR CAT20;;2003-05-02 21:43:58;2002-02-09 22:52:56
CAT21;DESCRIPTION FOR CAT21;;2009-01-02 22:18:41;2002-05-08 23:46:56
CAT22;DESCRIPTION FOR CAT22;;2008-07-08 12:11:44;2004-05-09 21:34:52
CAT23;DESCRIPTION FOR CAT23;;2009-06-03 22:51:13;2005-08-05 12:12:25
CAT24;DESCRIPTION FOR CAT24;;2001-06-07 22:15:59;2005-05-01 13:59:57
CAT25;DESCRIPTION FOR CAT25;;2005-04-01 23:42:34;2008-05-01 21:18:26
CAT26;DESCRIPTION FOR CAT26;;2007-02-02 11:44:36;2009-04-03 22:56:51
CAT27;DESCRIPTION FOR CAT27;;2002-05-03 12:53:12;2002-05-06 21:39:18
CAT28;DESCRIPTION FOR CAT28;;2009-02-06 23:26:21;2007-07-04 11:35:29
CAT29;DESCRIPTION FOR CAT29;;2002-01-06 21:31:15;2009-08-04 13:16:33
CAT30;DESCRIPTION FOR CAT30;;2006-06-05 22:26:28;2007-01-03 13:38:25
CAT31;DESCRIPTION FOR CAT31;;2009-07-07 21:53:26;2004-08-08 23:22:26
CAT32;DESCRIPTION FOR CAT32;;2001-09-04 11:14:37;2005-04-01 12:26:21
CAT33;DESCRIPTION FOR CAT33;;2008-02-04 23:44:41;2002-04-09 21:31:31
CAT34;DESCRIPTION FOR CAT34;;2009-01-06 12:17:51;2008-04-07 13:15:22
CAT35;DESCRIPTION FOR CAT35;;2006-03-07 12:44:29;2005-06-08 21:19:59
CAT36;DESCRIPTION FOR CAT36;;2001-09-02 11:15:53;2005-08-01 12:11:49
CAT37;DESCRIPTION FOR CAT37;;2004-03-06 13:12:18;2009-04-04 11:45:52
CAT38;DESCRIPTION FOR CAT38;;2003-09-08 23:36:33;2008-06-01 23:18:16
CAT39;DESCRIPTION FOR CAT39;;2001-01-05 11:21:11;2009-03-06 12:44:19
CAT40;DESCRIPTION FOR CAT40;;2005-03-02 11:13:14;2008-05-04 13:54:46
CAT41;DESCRIPTION FOR CAT41;;2009-06-01 12:33:29;2008-03-06 11:34:27
CAT42;DESCRIPTION FOR CAT42;;2004-03-02 11:47:54;2005-08-07 21:29:36
CAT43;DESCRIPTION FOR CAT43;;2008-04-07 21:41:21;2001-09-08 12:26:41
CAT44;DESCRIPTION FOR CAT44;;2004-05-03 22:16:32;2009-08-04 22:39:22
CAT45;DESCRIPTION FOR CAT45;;2004-07-06 13:57:18;2007-06-09 22:21:25
CAT46;DESCRIPTION FOR CAT46;;2001-02-08 13:32:55;2006-06-01 22:19:47
CAT47;DESCRIPTION FOR CAT47;;2005-09-05 22:16:43;2006-03-09 11:22:58
CAT48;DESCRIPTION FOR CAT48;;2002-05-01 13:35:16;2004-06-07 12:21:51
CAT49;DESCRIPTION FOR CAT49;;2005-07-07 22:45:19;2002-08-05 13:51:11
CAT50;DESCRIPTION FOR CAT50;;2004-03-02 22:52:28;2008-04-05 13:31:47
CAT51;DESCRIPTION FOR CAT51;;2005-02-06 11:27:31;2007-06-04 21:23:53
CAT52;DESCRIPTION FOR CAT52;;2009-04-02 22:13:47;2001-04-06 21:44:43
CAT53;DESCRIPTION FOR CAT53;;2001-01-06 23:11:51;2004-01-03 13:28:19
CAT54;DESCRIPTION FOR CAT54;;2009-03-08 21:11:58;2006-06-09 11:32:25
CAT55;DESCRIPTION FOR CAT55;;2002-08-01 22:25:47;2007-05-06 22:37:32
CAT56;DESCRIPTION FOR CAT56;;2003-07-01 21:31:51;2001-08-07 13:47:46
CAT57;DESCRIPTION FOR CAT57;;2003-07-05 13:33:55;2001-05-03 22:27:39
CAT58;DESCRIPTION FOR CAT58;;2008-06-09 11:21:59;2009-01-06 21:59:59
CAT59;DESCRIPTION FOR CAT59;;2005-02-04 21:56:29;2001-03-04 11:55:16
CAT60;DESCRIPTION FOR CAT60;;2003-06-06 23:11:55;2004-04-01 13:15:14
CAT61;DESCRIPTION FOR CAT61;;2007-09-03 21:39:27;2005-07-09 11:16:33
CAT62;DESCRIPTION FOR CAT62;;2009-02-07 22:35:35;2009-03-04 13:32:41
CAT63;DESCRIPTION FOR CAT63;;2007-02-02 23:47:41;2001-04-04 12:26:58
CAT64;DESCRIPTION FOR CAT64;;2001-05-06 23:19:31;2002-01-07 11:55:46
CAT65;DESCRIPTION FOR CAT65;;2007-08-08 11:45:56;2002-06-05 21:21:54
CAT66;DESCRIPTION FOR CAT66;;2004-01-01 11:44:46;2007-05-03 12:21:41
CAT67;DESCRIPTION FOR CAT67;;2003-04-05 11:54:11;2001-03-02 12:53:24
CAT68;DESCRIPTION FOR CAT68;;2001-07-08 11:11:13;2008-03-06 11:27:45
CAT69;DESCRIPTION FOR CAT69;;2005-06-01 21:13:38;2009-03-04 22:26:44
CAT70;DESCRIPTION FOR CAT70;;2004-05-07 22:52:33;2005-03-05 12:18:26
CAT71;DESCRIPTION FOR CAT71;;2004-09-08 22:41:54;2009-07-03 22:35:32
CAT72;DESCRIPTION FOR CAT72;;2009-03-07 23:43:27;2004-06-07 12:18:27
CAT73;DESCRIPTION FOR CAT73;;2002-09-02 11:22:11;2008-07-09 11:34:49
CAT74;DESCRIPTION FOR CAT74;;2001-04-03 11:22:31;2007-03-07 23:29:37
CAT75;DESCRIPTION FOR CAT75;;2007-05-04 23:24:37;2007-07-06 23:37:32
CAT76;DESCRIPTION FOR CAT76;;2002-01-06 21:28:19;2007-01-06 22:42:56
CAT77;DESCRIPTION FOR CAT77;;2006-06-02 12:41:28;2009-08-03 23:31:57
CAT78;DESCRIPTION FOR CAT78;;2004-01-01 13:54:16;2009-07-01 13:27:17
CAT79;DESCRIPTION FOR CAT79;;2007-01-02 11:42:29;2009-05-09 21:58:16
CAT80;DESCRIPTION FOR CAT80;;2004-08-09 22:22:31;2005-02-01 13:13:52
CAT81;DESCRIPTION FOR CAT81;;2006-01-01 23:41:56;2002-04-06 12:21:54
CAT82;DESCRIPTION FOR CAT82;;2004-01-08 13:37:38;2004-05-01 23:15:55
CAT83;DESCRIPTION FOR CAT83;;2009-04-01 23:14:23;2005-05-06 12:35:42
CAT84;DESCRIPTION FOR CAT84;;2001-05-01 23:45:34;2004-08-03 13:49:53
CAT85;DESCRIPTION FOR CAT85;;2004-06-06 23:49:32;2009-06-09 22:32:15
CAT86;DESCRIPTION FOR CAT86;;2008-05-04 22:13:57;2003-04-03 22:56:49
CAT87;DESCRIPTION FOR CAT87;;2004-02-04 22:54:21;2001-08-02 13:45:13
CAT88;DESCRIPTION FOR CAT88;;2007-09-03 21:34:37;2006-03-04 22:53:33
CAT89;DESCRIPTION FOR CAT89;;2004-01-07 12:39:24;2003-02-06 23:14:48
CAT90;DESCRIPTION FOR CAT90;;2003-09-06 22:13:11;2008-03-08 13:45:45
CAT91;DESCRIPTION FOR CAT91;;2006-02-06 12:31:59;2009-09-07 22:12:58
CAT92;DESCRIPTION FOR CAT92;;2007-02-03 13:11:32;2009-08-03 23:27:41
CAT93;DESCRIPTION FOR CAT93;;2006-03-06 11:13:37;2002-08-05 22:31:27
CAT94;DESCRIPTION FOR CAT94;;2008-03-04 21:44:38;2002-07-03 23:21:22
CAT95;DESCRIPTION FOR CAT95;;2005-05-08 23:58:55;2003-05-06 23:15:56
CAT96;DESCRIPTION FOR CAT96;;2001-08-09 22:53:27;2003-09-04 22:36:42
CAT97;DESCRIPTION FOR CAT97;;2002-08-01 22:18:42;2009-06-07 11:13:28
CAT98;DESCRIPTION FOR CAT98;;2002-02-07 23:39:56;2004-06-09 23:25:16
CAT99;DESCRIPTION FOR CAT99;;2003-06-07 23:37:23;2004-09-03 12:28:31
CAT100;DESCRIPTION FOR CAT100;;2008-07-09 23:59:22;2004-04-04 21:13:34
CAT101;DESCRIPTION FOR CAT101;;2007-09-05 13:34:49;2006-07-09 11:23:19
CAT102;DESCRIPTION FOR CAT102;;2001-03-01 23:33:36;2008-03-04 23:51:55
CAT103;DESCRIPTION FOR CAT103;;2002-01-08 21:31:29;2001-02-07 12:12:38
CAT104;DESCRIPTION FOR CAT104;;2009-06-04 22:27:26;2007-01-07 13:43:47
CAT105;DESCRIPTION FOR CAT105;;2002-05-03 23:12:56;2008-06-07 22:47:57
CAT106;DESCRIPTION FOR CAT106;;2006-04-07 11:49:24;2003-08-04 12:27:31
CAT107;DESCRIPTION FOR CAT107;;2002-03-03 13:52:34;2003-06-09 23:35:27
CAT108;DESCRIPTION FOR CAT108;;2003-09-07 11:34:18;2006-06-04 23:12:36
CAT109;DESCRIPTION FOR CAT109;;2002-08-06 13:19:37;2007-06-09 11:36:56
CAT110;DESCRIPTION FOR CAT110;;2004-06-07 13:39:19;2001-04-05 21:36:42
CAT111;DESCRIPTION FOR CAT111;;2001-07-03 13:32:15;2004-04-08 13:55:43
CAT112;DESCRIPTION FOR CAT112;;2002-05-08 12:41:21;2005-04-01 13:41:34
CAT113;DESCRIPTION FOR CAT113;;2009-06-02 13:45:14;2008-06-08 13:42:35
CAT114;DESCRIPTION FOR CAT114;;2009-04-05 22:43:22;2007-09-02 12:56:47
CAT115;DESCRIPTION FOR CAT115;;2004-01-05 13:14:59;2007-09-08 13:41:56
CAT116;DESCRIPTION FOR CAT116;;2008-05-07 12:45:17;2001-08-04 21:26:37
CAT117;DESCRIPTION FOR CAT117;;2005-05-06 21:55:26;2003-07-04 13:21:41
CAT118;DESCRIPTION FOR CAT118;;2003-05-04 11:57:17;2006-08-05 21:36:58
CAT119;DESCRIPTION FOR CAT119;;2009-07-03 22:45:45;2007-01-03 23:51:45
CAT120;DESCRIPTION FOR CAT120;;2003-03-06 22:45:43;2006-04-01 22:12:16
CAT121;DESCRIPTION FOR CAT121;;2003-04-07 22:55:14;2003-05-01 21:55:12
CAT122;DESCRIPTION FOR CAT122;;2002-08-06 23:14:11;2003-01-06 21:22:55
CAT123;DESCRIPTION FOR CAT123;;2002-01-02 11:55:23;2008-08-09 13:27:46
CAT124;DESCRIPTION FOR CAT124;;2002-08-05 23:12:51;2002-01-07 22:29:29
CAT125;DESCRIPTION FOR CAT125;;2003-01-05 11:34:44;2007-01-02 13:53:11
CAT126;DESCRIPTION FOR CAT126;;2005-05-08 12:12:52;2003-09-03 23:22:55
CAT127;DESCRIPTION FOR CAT127;;2007-03-08 12:45:57;2006-02-09 13:31:27
CAT128;DESCRIPTION FOR CAT128;;2002-02-04 22:22:39;2002-06-05 23:18:46
CAT129;DESCRIPTION FOR CAT129;;2001-01-07 11:11:51;2006-05-07 13:59:27
CAT130;DESCRIPTION FOR CAT130;;2002-03-09 13:18:17;2009-07-03 21:53:25
CAT131;DESCRIPTION FOR CAT131;;2006-05-07 22:22:53;2008-09-08 21:35:14
CAT132;DESCRIPTION FOR CAT132;;2009-07-05 21:18:42;2002-06-07 22:54:12
CAT133;DESCRIPTION FOR CAT133;;2004-06-02 21:48:51;2001-04-08 12:34:15
CAT134;DESCRIPTION FOR CAT134;;2009-06-07 21:25:19;2007-07-06 22:19:11
CAT135;DESCRIPTION FOR CAT135;;2006-04-05 12:37:47;2001-09-08 23:51:55
CAT136;DESCRIPTION FOR CAT136;;2001-06-06 12:22:23;2006-02-09 11:46:58
CAT137;DESCRIPTION FOR CAT137;;2005-02-01 11:38:39;2009-02-05 23:33:43
CAT138;DESCRIPTION FOR CAT138;;2001-09-06 23:46:31;2002-03-06 23:44:14
CAT139;DESCRIPTION FOR CAT139;;2009-02-01 12:37:52;2004-07-08 12:53:43
CAT140;DESCRIPTION FOR CAT140;;2004-03-07 11:23:19;2001-04-01 21:47:18
CAT141;DESCRIPTION FOR CAT141;;2003-02-08 22:51:19;2001-06-08 12:26:28
CAT142;DESCRIPTION FOR CAT142;;2008-03-08 13:57:57;2003-02-06 11:49:35
CAT143;DESCRIPTION FOR CAT143;;2001-01-01 12:12:14;2003-07-02 22:32:38
CAT144;DESCRIPTION FOR CAT144;;2002-03-03 21:23:12;2008-09-05 12:58:12
CAT145;DESCRIPTION FOR CAT145;;2001-02-07 11:24:38;2008-04-08 11:12:23
CAT146;DESCRIPTION FOR CAT146;;2009-05-06 13:23:28;2001-07-05 22:46:33
CAT147;DESCRIPTION FOR CAT147;;2002-02-06 12:12:39;2007-01-03 13:25:45
CAT148;DESCRIPTION FOR CAT148;;2006-09-09 23:46:47;2001-04-07 12:22:21
CAT149;DESCRIPTION FOR CAT149;;2009-04-09 13:29:56;2004-04-03 21:11:41
CAT150;DESCRIPTION FOR CAT150;;2004-09-08 12:22:57;2002-01-08 23:36:58
CAT151;DESCRIPTION FOR CAT151;;2006-01-03 21:38:57;2008-04-02 13:24:42
CAT152;DESCRIPTION FOR CAT152;;2008-09-04 22:16:45;2007-08-06 23:31:46
CAT153;DESCRIPTION FOR CAT153;;2004-05-01 21:31:58;2004-05-03 23:44:41
CAT154;DESCRIPTION FOR CAT154;;2009-08-07 13:49:56;2005-02-02 11:34:26
CAT155;DESCRIPTION FOR CAT155;;2008-04-01 13:14:54;2005-04-07 23:59:56
CAT156;DESCRIPTION FOR CAT156;;2006-05-01 11:44:28;2008-08-06 13:36:44
CAT157;DESCRIPTION FOR CAT157;;2003-06-05 12:57:55;2008-03-05 22:55:58
CAT158;DESCRIPTION FOR CAT158;;2002-08-04 13:18:35;2008-02-02 12:14:15
CAT159;DESCRIPTION FOR CAT159;;2009-02-05 11:19:25;2003-04-01 13:31:56
CAT160;DESCRIPTION FOR CAT160;;2008-05-04 23:46:34;2003-06-01 11:45:37
CAT161;DESCRIPTION FOR CAT161;;2008-08-04 13:48:25;2003-08-06 13:21:22
CAT162;DESCRIPTION FOR CAT162;;2002-07-08 23:27:13;2007-07-08 21:16:54
CAT163;DESCRIPTION FOR CAT163;;2007-05-03 11:26:38;2008-08-05 22:15:41
CAT164;DESCRIPTION FOR CAT164;;2009-07-01 21:14:12;2006-01-01 22:37:27
CAT165;DESCRIPTION FOR CAT165;;2007-03-04 12:56:16;2006-03-09 22:53:13
CAT166;DESCRIPTION FOR CAT166;;2009-02-05 22:24:23;2002-04-03 11:18:38
CAT167;DESCRIPTION FOR CAT167;;2001-05-06 12:32:37;2008-02-02 21:13:28
CAT168;DESCRIPTION FOR CAT168;;2004-01-05 11:38:24;2001-01-08 23:14:34
CAT169;DESCRIPTION FOR CAT169;;2003-02-06 21:52:39;2002-01-01 13:55:19
CAT170;DESCRIPTION FOR CAT170;;2002-04-06 12:19:22;2009-07-04 13:56:56
CAT171;DESCRIPTION FOR CAT171;;2004-09-01 21:22:52;2002-03-04 13:44:19
CAT172;DESCRIPTION FOR CAT172;;2001-09-01 11:38:59;2007-06-07 21:44:39
CAT173;DESCRIPTION FOR CAT173;;2008-04-05 23:34:32;2009-07-08 12:14:58
CAT174;DESCRIPTION FOR CAT174;;2005-03-09 23:31:39;2004-09-04 23:22:36
CAT175;DESCRIPTION FOR CAT175;;2006-09-03 11:46:28;2005-07-01 22:41:56
CAT176;DESCRIPTION FOR CAT176;;2007-06-03 23:59:42;2003-09-01 11:45:51
CAT177;DESCRIPTION FOR CAT177;;2002-01-07 22:42:39;2009-08-01 22:32:51
CAT178;DESCRIPTION FOR CAT178;;2004-08-03 13:31:26;2009-05-01 12:38:51
CAT179;DESCRIPTION FOR CAT179;;2002-06-06 12:27:41;2007-09-08 11:49:43
CAT180;DESCRIPTION FOR CAT180;;2003-06-08 12:49:51;2001-07-04 11:17:13
CAT181;DESCRIPTION FOR CAT181;;2002-08-09 13:57:51;2007-07-07 11:26:42
CAT182;DESCRIPTION FOR CAT182;;2001-04-08 21:24:16;2007-01-04 23:23:24
CAT183;DESCRIPTION FOR CAT183;;2007-04-06 21:32:12;2004-05-03 22:11:32
CAT184;DESCRIPTION FOR CAT184;;2009-09-07 21:14:31;2002-04-09 23:25:45
CAT185;DESCRIPTION FOR CAT185;;2009-01-09 13:33:46;2009-02-06 23:15:26
CAT186;DESCRIPTION FOR CAT186;;2008-04-07 23:53:18;2003-07-07 12:16:27
CAT187;DESCRIPTION FOR CAT187;;2001-04-01 13:33:26;2004-01-06 13:31:17
CAT188;DESCRIPTION FOR CAT188;;2004-04-07 12:59:24;2002-08-09 12:57:47
CAT189;DESCRIPTION FOR CAT189;;2008-04-04 12:44:16;2007-06-07 12:14:47
CAT190;DESCRIPTION FOR CAT190;;2002-01-07 11:46:51;2009-01-05 12:34:19
CAT191;DESCRIPTION FOR CAT191;;2002-04-03 22:17:48;2006-05-08 21:22:12
CAT192;DESCRIPTION FOR CAT192;;2005-02-06 11:21:27;2002-03-08 13:25:45
CAT193;DESCRIPTION FOR CAT193;;2007-02-06 11:51:18;2002-08-02 13:51:53
CAT194;DESCRIPTION FOR CAT194;;2005-09-07 22:56:28;2007-04-08 22:27:33
CAT195;DESCRIPTION FOR CAT195;;2006-03-02 11:32:18;2003-02-06 11:33:19
CAT196;DESCRIPTION FOR CAT196;;2003-08-03 23:13:14;2009-02-02 21:19:56
CAT197;DESCRIPTION FOR CAT197;;2007-06-07 22:58:19;2003-02-08 23:22:43
CAT198;DESCRIPTION FOR CAT198;;2005-03-07 23:15:37;2008-09-02 11:37:51
CAT199;DESCRIPTION FOR CAT199;;2007-02-04 21:54:57;2002-05-01 11:16:48
CAT200;DESCRIPTION FOR CAT200;;2009-06-07 21:45:49;2005-08-05 23:39:41
CAT201;DESCRIPTION FOR CAT201;;2008-08-06 12:49:23;2003-05-02 12:16:56
CAT202;DESCRIPTION FOR CAT202;;2002-04-07 23:19:47;2004-02-05 13:45:34
CAT203;DESCRIPTION FOR CAT203;;2008-05-04 22:31:37;2002-07-05 12:12:12
CAT204;DESCRIPTION FOR CAT204;;2005-05-07 12:51:51;2002-09-01 23:25:49
CAT205;DESCRIPTION FOR CAT205;;2008-02-05 22:57:34;2001-08-08 11:49:14
CAT206;DESCRIPTION FOR CAT206;;2003-01-07 23:14:58;2007-01-01 13:43:32
CAT207;DESCRIPTION FOR CAT207;;2002-02-03 21:42:37;2004-03-01 12:52:27
CAT208;DESCRIPTION FOR CAT208;;2003-03-01 21:49:33;2007-05-08 12:26:38
CAT209;DESCRIPTION FOR CAT209;;2005-07-09 22:18:57;2004-03-01 13:34:34
CAT210;DESCRIPTION FOR CAT210;;2004-08-07 21:32:49;2009-03-05 23:34:27
CAT211;DESCRIPTION FOR CAT211;;2002-09-09 11:12:46;2005-06-01 12:12:38
CAT212;DESCRIPTION FOR CAT212;;2009-03-05 22:39:53;2003-03-02 12:43:45
CAT213;DESCRIPTION FOR CAT213;;2006-02-02 22:48:55;2001-02-09 12:55:18
CAT214;DESCRIPTION FOR CAT214;;2004-09-02 22:13:16;2005-05-07 13:55:48
CAT215;DESCRIPTION FOR CAT215;;2005-08-05 22:26:38;2003-01-01 11:42:37
CAT216;DESCRIPTION FOR CAT216;;2005-05-04 23:18:38;2001-08-02 13:36:17
CAT217;DESCRIPTION FOR CAT217;;2002-09-03 13:38:36;2009-01-02 22:38:48
CAT218;DESCRIPTION FOR CAT218;;2001-08-08 11:55:47;2009-04-08 23:48:52
CAT219;DESCRIPTION FOR CAT219;;2004-02-07 21:19:52;2004-07-03 13:36:33
CAT220;DESCRIPTION FOR CAT220;;2007-05-02 13:51:19;2008-04-06 13:27:27
CAT221;DESCRIPTION FOR CAT221;;2005-06-01 23:14:53;2008-07-07 21:35:14
CAT222;DESCRIPTION FOR CAT222;;2001-03-07 11:24:55;2009-08-05 23:32:59
CAT223;DESCRIPTION FOR CAT223;;2002-07-03 13:15:33;2002-09-02 11:17:39
CAT224;DESCRIPTION FOR CAT224;;2006-03-06 13:55:21;2006-01-03 23:25:42
CAT225;DESCRIPTION FOR CAT225;;2004-09-04 13:52:47;2005-04-03 23:52:49
CAT226;DESCRIPTION FOR CAT226;;2009-07-05 21:32:46;2003-07-01 11:36:16
CAT227;DESCRIPTION FOR CAT227;;2003-01-07 23:15:17;2009-01-06 11:56:22
CAT228;DESCRIPTION FOR CAT228;;2009-05-01 11:46:32;2002-08-02 12:54:42
CAT229;DESCRIPTION FOR CAT229;;2004-07-01 13:32:23;2008-06-05 13:23:22
CAT230;DESCRIPTION FOR CAT230;;2003-04-04 23:51:18;2002-02-05 21:22:46
CAT231;DESCRIPTION FOR CAT231;;2005-04-08 22:43:25;2004-08-09 11:25:39
CAT232;DESCRIPTION FOR CAT232;;2003-02-02 21:57:27;2008-02-03 22:34:55
CAT233;DESCRIPTION FOR CAT233;;2006-08-03 23:33:56;2003-01-04 22:37:22
CAT234;DESCRIPTION FOR CAT234;;2002-02-06 23:42:34;2001-09-04 11:24:29
CAT235;DESCRIPTION FOR CAT235;;2003-01-04 13:46:27;2006-04-04 11:25:43
CAT236;DESCRIPTION FOR CAT236;;2005-01-09 23:46:49;2005-09-02 11:45:49
CAT237;DESCRIPTION FOR CAT237;;2002-09-01 23:19:53;2001-05-08 23:41:37
CAT238;DESCRIPTION FOR CAT238;;2007-05-04 22:56:49;2009-04-03 21:21:51
CAT239;DESCRIPTION FOR CAT239;;2003-07-07 11:43:49;2007-04-08 23:16:15
CAT240;DESCRIPTION FOR CAT240;;2008-07-01 22:33:47;2009-07-04 13:48:11
CAT241;DESCRIPTION FOR CAT241;;2001-08-08 22:28:39;2003-01-03 23:47:14
CAT242;DESCRIPTION FOR CAT242;;2007-09-02 23:16:14;2007-06-04 23:34:48
CAT243;DESCRIPTION FOR CAT243;;2007-01-06 13:47:39;2006-09-04 11:24:32
CAT244;DESCRIPTION FOR CAT244;;2008-05-06 12:44:12;2001-04-01 11:31:18
CAT245;DESCRIPTION FOR CAT245;;2003-02-05 23:12:29;2003-05-02 13:36:55
CAT246;DESCRIPTION FOR CAT246;;2005-09-08 13:38:52;2004-08-05 23:13:43
CAT247;DESCRIPTION FOR CAT247;;2008-03-04 13:57:39;2004-06-04 22:49:47
CAT248;DESCRIPTION FOR CAT248;;2006-07-07 22:19:57;2007-03-05 12:18:28
CAT249;DESCRIPTION FOR CAT249;;2002-09-01 11:55:13;2004-08-03 23:34:55
CAT250;DESCRIPTION FOR CAT250;;2004-04-06 11:41:43;2005-03-07 22:49:48
CAT251;DESCRIPTION FOR CAT251;;2003-05-04 12:42:14;2007-05-03 12:51:42
CAT252;DESCRIPTION FOR CAT252;;2003-08-01 13:26:14;2009-01-03 13:58:39
CAT253;DESCRIPTION FOR CAT253;;2009-02-04 22:29:13;2001-06-02 23:42:48
CAT254;DESCRIPTION FOR CAT254;;2002-06-02 23:23:36;2005-08-03 23:59:28
CAT255;DESCRIPTION FOR CAT255;;2002-03-02 23:23:29;2007-06-07 21:15:58
CAT256;DESCRIPTION FOR CAT256;;2004-03-09 11:55:22;2001-01-03 22:42:53
CAT257;DESCRIPTION FOR CAT257;;2006-07-03 21:24:43;2005-05-08 21:44:46
CAT258;DESCRIPTION FOR CAT258;;2005-05-07 23:22:51;2008-04-04 11:41:23
CAT259;DESCRIPTION FOR CAT259;;2005-06-09 22:46:15;2004-02-03 11:14:22
CAT260;DESCRIPTION FOR CAT260;;2001-09-09 11:45:52;2007-04-03 13:34:38
CAT261;DESCRIPTION FOR CAT261;;2008-02-04 22:38:41;2002-04-01 12:45:18
CAT262;DESCRIPTION FOR CAT262;;2004-05-05 23:33:19;2006-07-09 12:21:45
CAT263;DESCRIPTION FOR CAT263;;2003-01-02 12:23:14;2009-05-08 23:46:11
CAT264;DESCRIPTION FOR CAT264;;2003-04-03 13:17:24;2009-01-01 21:45:21
CAT265;DESCRIPTION FOR CAT265;;2001-03-09 12:53:12;2009-07-03 21:57:56
CAT266;DESCRIPTION FOR CAT266;;2009-08-05 22:47:28;2008-08-05 11:28:38
CAT267;DESCRIPTION FOR CAT267;;2005-03-07 23:15:56;2002-02-09 21:57:47
CAT268;DESCRIPTION FOR CAT268;;2004-02-03 23:19:59;2001-03-01 23:34:17
CAT269;DESCRIPTION FOR CAT269;;2003-07-02 11:23:37;2003-03-01 23:21:32
CAT270;DESCRIPTION FOR CAT270;;2004-04-04 22:13:43;2007-02-03 22:47:57
CAT271;DESCRIPTION FOR CAT271;;2007-07-06 22:19:48;2001-05-04 12:38:49
CAT272;DESCRIPTION FOR CAT272;;2008-05-02 11:28:25;2002-03-08 13:59:37
CAT273;DESCRIPTION FOR CAT273;;2002-06-09 22:29:17;2005-08-09 23:19:43
CAT274;DESCRIPTION FOR CAT274;;2006-08-02 11:16:42;2002-01-07 21:46:12
CAT275;DESCRIPTION FOR CAT275;;2004-08-04 12:25:52;2001-03-02 22:34:12
CAT276;DESCRIPTION FOR CAT276;;2009-08-04 21:54:33;2002-06-07 13:27:41
CAT277;DESCRIPTION FOR CAT277;;2009-06-09 11:21:12;2004-08-05 13:51:43
CAT278;DESCRIPTION FOR CAT278;;2007-06-04 11:53:57;2009-08-05 11:54:24
CAT279;DESCRIPTION FOR CAT279;;2003-01-03 22:34:11;2002-09-08 11:28:36
CAT280;DESCRIPTION FOR CAT280;;2002-04-03 22:58:48;2005-03-01 11:57:14
CAT281;DESCRIPTION FOR CAT281;;2005-09-02 11:47:28;2007-01-01 21:19:35
CAT282;DESCRIPTION FOR CAT282;;2009-09-09 22:31:57;2003-09-04 22:15:58
CAT283;DESCRIPTION FOR CAT283;;2009-05-06 22:23:31;2005-05-03 11:15:43
CAT284;DESCRIPTION FOR CAT284;;2001-06-03 21:11:35;2002-09-08 21:15:43
CAT285;DESCRIPTION FOR CAT285;;2005-02-04 11:48:19;2008-08-03 22:16:58
CAT286;DESCRIPTION FOR CAT286;;2003-03-04 21:49:26;2009-02-02 13:31:11
CAT287;DESCRIPTION FOR CAT287;;2005-02-04 21:21:46;2008-06-03 21:53:12
CAT288;DESCRIPTION FOR CAT288;;2005-01-02 13:17:41;2006-03-02 12:28:14
CAT289;DESCRIPTION FOR CAT289;;2003-03-06 12:29:19;2007-09-07 11:16:28
CAT290;DESCRIPTION FOR CAT290;;2009-02-04 21:46:24;2008-03-03 22:26:28
CAT291;DESCRIPTION FOR CAT291;;2003-07-05 11:13:51;2001-09-05 11:37:34
CAT292;DESCRIPTION FOR CAT292;;2001-04-06 23:55:44;2006-04-02 23:57:27
CAT293;DESCRIPTION FOR CAT293;;2004-08-04 12:49:35;2003-03-06 23:32:25
CAT294;DESCRIPTION FOR CAT294;;2001-04-05 22:17:21;2006-01-09 23:39:19
CAT295;DESCRIPTION FOR CAT295;;2006-07-05 13:11:42;2009-02-07 21:39:58
CAT296;DESCRIPTION FOR CAT296;;2005-05-09 12:23:44;2007-03-04 12:37:39
CAT297;DESCRIPTION FOR CAT297;;2004-05-07 23:21:33;2003-06-08 13:54:42
CAT298;DESCRIPTION FOR CAT298;;2007-01-08 23:13:52;2008-08-08 21:44:36
CAT299;DESCRIPTION FOR CAT299;;2006-08-08 11:11:31;2005-02-06 22:56:25
CAT300;DESCRIPTION FOR CAT300;;2007-08-07 12:51:32;2003-05-07 11:59:57
CAT301;DESCRIPTION FOR CAT301;;2008-02-06 21:21:54;2003-05-04 13:44:34
CAT302;DESCRIPTION FOR CAT302;;2004-07-07 12:34:13;2001-06-04 23:41:51
CAT303;DESCRIPTION FOR CAT303;;2004-05-01 21:35:59;2003-07-05 11:51:15
CAT304;DESCRIPTION FOR CAT304;;2006-08-05 21:11:32;2003-09-05 13:46:56
CAT305;DESCRIPTION FOR CAT305;;2007-05-03 13:31:18;2006-06-07 11:56:26
CAT306;DESCRIPTION FOR CAT306;;2009-09-02 12:23:59;2003-09-03 21:51:56
CAT307;DESCRIPTION FOR CAT307;;2008-03-06 21:23:53;2005-02-07 13:45:14
CAT308;DESCRIPTION FOR CAT308;;2001-04-02 12:32:26;2001-02-08 13:59:49
CAT309;DESCRIPTION FOR CAT309;;2009-08-07 12:22:28;2001-01-04 11:35:45
CAT310;DESCRIPTION FOR CAT310;;2002-04-02 21:53:58;2006-06-08 12:23:59
CAT311;DESCRIPTION FOR CAT311;;2007-03-04 11:14:45;2009-02-02 23:28:51
CAT312;DESCRIPTION FOR CAT312;;2003-08-01 12:41:44;2005-03-06 11:53:45
CAT313;DESCRIPTION FOR CAT313;;2007-06-06 22:45:37;2006-08-07 22:17:48
CAT314;DESCRIPTION FOR CAT314;;2003-02-09 21:53:41;2009-06-01 23:26:24
CAT315;DESCRIPTION FOR CAT315;;2007-06-09 22:25:14;2002-06-07 13:39:44
CAT316;DESCRIPTION FOR CAT316;;2007-05-09 11:16:54;2008-04-01 21:17:43
CAT317;DESCRIPTION FOR CAT317;;2005-03-05 21:38:22;2003-09-07 22:44:16
CAT318;DESCRIPTION FOR CAT318;;2009-01-02 22:37:48;2004-01-02 12:42:32
CAT319;DESCRIPTION FOR CAT319;;2008-02-03 11:54:55;2002-07-05 23:53:36
CAT320;DESCRIPTION FOR CAT320;;2003-05-02 22:33:22;2005-05-09 11:46:34
CAT321;DESCRIPTION FOR CAT321;;2009-04-03 23:43:29;2003-03-04 23:55:57
CAT322;DESCRIPTION FOR CAT322;;2006-09-03 22:13:32;2008-02-01 23:43:34
CAT323;DESCRIPTION FOR CAT323;;2002-02-02 23:35:57;2002-05-09 21:26:24
CAT324;DESCRIPTION FOR CAT324;;2002-09-02 23:42:33;2007-03-08 21:37:58
CAT325;DESCRIPTION FOR CAT325;;2001-04-05 22:49:46;2008-05-03 21:45:58
CAT326;DESCRIPTION FOR CAT326;;2008-03-06 22:44:17;2006-01-02 22:15:24
CAT327;DESCRIPTION FOR CAT327;;2009-06-03 22:23:42;2001-04-06 13:52:28
CAT328;DESCRIPTION FOR CAT328;;2004-05-01 23:19:14;2008-02-06 13:36:59
CAT329;DESCRIPTION FOR CAT329;;2006-01-01 21:55:38;2008-05-08 13:34:38
CAT330;DESCRIPTION FOR CAT330;;2006-06-07 23:46:41;2004-02-08 12:44:35
CAT331;DESCRIPTION FOR CAT331;;2003-02-06 13:24:12;2008-01-07 11:14:52
CAT332;DESCRIPTION FOR CAT332;;2008-05-03 13:17:49;2002-06-04 11:14:21
CAT333;DESCRIPTION FOR CAT333;;2003-06-05 13:47:43;2002-02-03 13:54:15
CAT334;DESCRIPTION FOR CAT334;;2006-02-04 11:52:21;2003-03-08 22:22:45
CAT335;DESCRIPTION FOR CAT335;;2002-08-08 12:35:44;2005-01-09 22:49:24
CAT336;DESCRIPTION FOR CAT336;;2009-09-02 11:17:15;2008-08-05 13:11:51
CAT337;DESCRIPTION FOR CAT337;;2001-09-09 11:44:39;2001-03-03 23:53:52
CAT338;DESCRIPTION FOR CAT338;;2008-08-01 13:46:26;2002-05-03 22:51:38
CAT339;DESCRIPTION FOR CAT339;;2005-04-05 11:18:52;2009-07-04 21:14:14
CAT340;DESCRIPTION FOR CAT340;;2009-09-09 11:38:47;2001-07-07 22:21:17
CAT341;DESCRIPTION FOR CAT341;;2005-02-06 23:23:45;2009-03-03 11:34:32
CAT342;DESCRIPTION FOR CAT342;;2001-04-06 21:29:36;2001-02-01 23:57:31
CAT343;DESCRIPTION FOR CAT343;;2009-08-01 22:24:39;2001-08-03 12:57:17
CAT344;DESCRIPTION FOR CAT344;;2001-01-01 21:13:48;2003-03-02 21:34:31
CAT345;DESCRIPTION FOR CAT345;;2006-09-05 21:44:37;2003-06-07 22:25:54
CAT346;DESCRIPTION FOR CAT346;;2001-01-03 11:56:34;2008-03-07 13:12:38
CAT347;DESCRIPTION FOR CAT347;;2004-06-08 23:51:58;2008-09-01 13:25:32
CAT348;DESCRIPTION FOR CAT348;;2003-08-04 21:52:14;2003-02-05 13:55:31
CAT349;DESCRIPTION FOR CAT349;;2009-06-07 12:39:14;2005-02-04 13:42:19
CAT350;DESCRIPTION FOR CAT350;;2003-07-09 22:22:13;2009-04-08 21:32:47
CAT351;DESCRIPTION FOR CAT351;;2001-02-01 22:49:46;2007-08-06 22:28:46
CAT352;DESCRIPTION FOR CAT352;;2009-08-06 21:31:15;2009-07-08 22:46:38
CAT353;DESCRIPTION FOR CAT353;;2005-01-04 21:36:54;2001-01-02 11:59:19
CAT354;DESCRIPTION FOR CAT354;;2001-08-03 12:36:29;2001-09-08 11:19:57
CAT355;DESCRIPTION FOR CAT355;;2002-01-07 12:57:35;2003-06-02 23:27:17
CAT356;DESCRIPTION FOR CAT356;;2001-08-08 12:52:58;2006-03-04 11:16:19
CAT357;DESCRIPTION FOR CAT357;;2001-06-09 11:11:21;2002-05-08 12:34:45
CAT358;DESCRIPTION FOR CAT358;;2008-03-03 23:45:53;2008-02-09 13:34:59
CAT359;DESCRIPTION FOR CAT359;;2005-02-07 23:19:35;2003-03-09 11:35:18
CAT360;DESCRIPTION FOR CAT360;;2008-09-07 23:51:23;2006-03-03 11:33:51
CAT361;DESCRIPTION FOR CAT361;;2003-02-01 22:47:23;2003-04-03 23:34:15
CAT362;DESCRIPTION FOR CAT362;;2003-07-06 22:13:42;2005-09-04 23:38:33
CAT363;DESCRIPTION FOR CAT363;;2007-03-08 21:41:56;2001-03-04 12:38:13
CAT364;DESCRIPTION FOR CAT364;;2007-07-06 12:51:43;2001-08-04 12:27:11
CAT365;DESCRIPTION FOR CAT365;;2002-09-02 13:27:21;2003-04-06 22:59:31
CAT366;DESCRIPTION FOR CAT366;;2002-01-05 12:51:54;2003-04-04 21:21:51
CAT367;DESCRIPTION FOR CAT367;;2003-02-09 23:52:59;2005-01-09 23:54:43
CAT368;DESCRIPTION FOR CAT368;;2003-08-03 13:57:38;2001-04-01 13:54:49
CAT369;DESCRIPTION FOR CAT369;;2007-05-06 23:56:52;2009-01-06 12:39:15
CAT370;DESCRIPTION FOR CAT370;;2001-05-09 13:27:35;2006-04-01 22:46:22
CAT371;DESCRIPTION FOR CAT371;;2002-07-08 23:39:25;2001-07-04 22:51:15
CAT372;DESCRIPTION FOR CAT372;;2008-07-07 12:34:35;2006-02-09 11:38:28
CAT373;DESCRIPTION FOR CAT373;;2001-08-09 23:55:47;2005-04-05 21:31:33
CAT374;DESCRIPTION FOR CAT374;;2001-05-03 12:23:37;2003-04-03 12:21:43
CAT375;DESCRIPTION FOR CAT375;;2008-03-04 12:56:21;2004-01-03 22:41:31
CAT376;DESCRIPTION FOR CAT376;;2002-05-06 11:56:45;2005-04-09 21:32:58
CAT377;DESCRIPTION FOR CAT377;;2009-01-02 12:12:19;2008-02-08 21:51:41
CAT378;DESCRIPTION FOR CAT378;;2005-01-05 13:56:36;2006-04-06 12:33:44
CAT379;DESCRIPTION FOR CAT379;;2005-03-02 21:17:58;2008-06-09 11:46:28
CAT380;DESCRIPTION FOR CAT380;;2008-08-01 23:57:53;2005-08-02 12:42:47
CAT381;DESCRIPTION FOR CAT381;;2003-07-06 13:56:55;2002-09-08 23:35:15
CAT382;DESCRIPTION FOR CAT382;;2008-02-06 11:58:52;2004-05-04 21:42:44
CAT383;DESCRIPTION FOR CAT383;;2006-02-05 13:36:31;2003-05-09 13:46:16
CAT384;DESCRIPTION FOR CAT384;;2008-05-02 11:32:26;2009-07-09 23:44:54
CAT385;DESCRIPTION FOR CAT385;;2001-04-03 21:44:16;2007-06-06 11:44:39
CAT386;DESCRIPTION FOR CAT386;;2006-05-07 23:11:41;2004-04-05 13:22:25
CAT387;DESCRIPTION FOR CAT387;;2002-05-01 13:38:36;2009-07-02 12:39:51
CAT388;DESCRIPTION FOR CAT388;;2007-06-05 11:44:24;2009-03-08 12:58:28
CAT389;DESCRIPTION FOR CAT389;;2006-08-07 12:26:45;2009-07-09 22:45:18
CAT390;DESCRIPTION FOR CAT390;;2002-02-07 23:37:33;2009-06-07 13:58:12
CAT391;DESCRIPTION FOR CAT391;;2003-01-03 11:47:13;2007-05-02 22:27:14
CAT392;DESCRIPTION FOR CAT392;;2009-02-06 11:23:16;2004-03-02 13:18:49
CAT393;DESCRIPTION FOR CAT393;;2004-06-09 22:28:15;2004-01-03 22:41:36
CAT394;DESCRIPTION FOR CAT394;;2004-03-03 11:58:53;2005-03-04 21:42:12
CAT395;DESCRIPTION FOR CAT395;;2009-05-02 23:15:36;2002-08-02 21:37:29
CAT396;DESCRIPTION FOR CAT396;;2005-07-05 13:17:43;2007-08-01 13:12:23
CAT397;DESCRIPTION FOR CAT397;;2007-03-02 11:58:29;2009-08-06 13:51:14
CAT398;DESCRIPTION FOR CAT398;;2006-05-04 12:42:25;2005-07-03 23:25:42
CAT399;DESCRIPTION FOR CAT399;;2004-02-03 13:31:21;2005-03-08 23:56:12
CAT400;DESCRIPTION FOR CAT400;;2005-02-01 21:58:42;2009-01-02 11:43:39
CAT401;DESCRIPTION FOR CAT401;;2001-06-03 22:15:56;2009-01-06 11:47:13
CAT402;DESCRIPTION FOR CAT402;;2005-09-06 22:43:46;2002-04-04 23:51:18
CAT403;DESCRIPTION FOR CAT403;;2003-09-05 13:33:53;2007-05-09 21:25:56
CAT404;DESCRIPTION FOR CAT404;;2006-01-03 12:57:35;2009-09-05 22:39:23
CAT405;DESCRIPTION FOR CAT405;;2008-06-01 13:16:16;2003-07-07 12:17:55
CAT406;DESCRIPTION FOR CAT406;;2004-05-04 13:22:58;2007-07-07 23:25:43
CAT407;DESCRIPTION FOR CAT407;;2004-01-03 22:45:34;2004-02-05 13:42:34
CAT408;DESCRIPTION FOR CAT408;;2006-02-02 22:19:28;2007-07-09 21:44:42
CAT409;DESCRIPTION FOR CAT409;;2009-05-07 12:41:48;2005-03-02 22:41:45
CAT410;DESCRIPTION FOR CAT410;;2008-05-04 23:11:45;2003-09-09 23:27:27
CAT411;DESCRIPTION FOR CAT411;;2004-06-05 12:13:54;2003-03-03 12:31:57
CAT412;DESCRIPTION FOR CAT412;;2003-06-04 23:41:16;2004-09-08 22:13:34
CAT413;DESCRIPTION FOR CAT413;;2008-09-06 21:24:41;2008-05-01 12:35:51
CAT414;DESCRIPTION FOR CAT414;;2001-06-03 12:28:13;2004-02-09 13:32:23
CAT415;DESCRIPTION FOR CAT415;;2004-06-02 13:57:26;2002-04-03 11:43:55
CAT416;DESCRIPTION FOR CAT416;;2007-05-06 21:25:58;2001-02-03 13:54:42
CAT417;DESCRIPTION FOR CAT417;;2007-09-01 21:44:44;2003-02-06 22:59:26
CAT418;DESCRIPTION FOR CAT418;;2002-04-07 13:22:34;2003-06-03 23:36:47
CAT419;DESCRIPTION FOR CAT419;;2006-08-09 22:37:19;2006-07-01 11:45:19
CAT420;DESCRIPTION FOR CAT420;;2007-01-05 21:26:13;2006-09-09 11:51:49
CAT421;DESCRIPTION FOR CAT421;;2008-09-04 12:59:23;2009-03-03 13:44:27
CAT422;DESCRIPTION FOR CAT422;;2007-08-05 22:24:57;2008-03-05 12:44:43
CAT423;DESCRIPTION FOR CAT423;;2007-08-09 11:39:51;2001-03-08 22:14:33
CAT424;DESCRIPTION FOR CAT424;;2004-01-04 11:24:56;2003-06-06 23:21:57
CAT425;DESCRIPTION FOR CAT425;;2007-07-07 23:47:52;2009-09-08 13:44:28
CAT426;DESCRIPTION FOR CAT426;;2006-04-09 21:23:17;2004-01-04 13:11:42
CAT427;DESCRIPTION FOR CAT427;;2007-03-09 13:12:57;2007-06-02 22:49:16
CAT428;DESCRIPTION FOR CAT428;;2008-07-02 21:54:51;2004-02-02 11:35:57
CAT429;DESCRIPTION FOR CAT429;;2009-09-01 13:28:22;2003-08-01 22:48:46
CAT430;DESCRIPTION FOR CAT430;;2004-08-09 22:16:33;2006-08-03 23:45:47
CAT431;DESCRIPTION FOR CAT431;;2008-01-02 11:15:26;2005-05-09 22:28:19
CAT432;DESCRIPTION FOR CAT432;;2005-01-08 11:24:14;2009-09-03 11:19:55
CAT433;DESCRIPTION FOR CAT433;;2002-03-04 23:11:16;2001-09-02 13:45:19
CAT434;DESCRIPTION FOR CAT434;;2006-04-08 23:45:45;2006-01-08 22:48:31
CAT435;DESCRIPTION FOR CAT435;;2009-09-04 21:34:39;2004-01-02 21:36:17
CAT436;DESCRIPTION FOR CAT436;;2005-06-08 11:59:38;2006-09-02 22:52:33
CAT437;DESCRIPTION FOR CAT437;;2007-01-02 13:54:19;2009-09-08 23:44:22
CAT438;DESCRIPTION FOR CAT438;;2004-04-03 22:12:25;2007-08-01 21:17:31
CAT439;DESCRIPTION FOR CAT439;;2001-05-07 11:49:41;2001-05-06 23:31:23
CAT440;DESCRIPTION FOR CAT440;;2007-04-01 13:22:29;2001-06-06 22:37:54
CAT441;DESCRIPTION FOR CAT441;;2001-04-03 21:16:45;2005-07-09 21:56:52
CAT442;DESCRIPTION FOR CAT442;;2003-03-04 23:15:37;2006-07-06 23:11:13
CAT443;DESCRIPTION FOR CAT443;;2009-08-05 22:54:12;2008-03-03 23:56:35
CAT444;DESCRIPTION FOR CAT444;;2006-02-07 23:25:24;2002-01-07 22:54:27
CAT445;DESCRIPTION FOR CAT445;;2005-04-03 22:19:18;2002-09-01 13:46:24
CAT446;DESCRIPTION FOR CAT446;;2008-05-05 13:58:36;2003-01-01 12:46:52
CAT447;DESCRIPTION FOR CAT447;;2002-06-03 23:48:11;2008-01-01 12:35:59
CAT448;DESCRIPTION FOR CAT448;;2009-04-07 12:42:38;2008-09-07 11:58:21
CAT449;DESCRIPTION FOR CAT449;;2007-02-09 11:23:45;2001-07-09 22:14:52
CAT450;DESCRIPTION FOR CAT450;;2006-07-08 13:14:15;2004-09-02 21:25:11
CAT451;DESCRIPTION FOR CAT451;;2002-06-03 21:41:59;2009-04-03 11:33:54
CAT452;DESCRIPTION FOR CAT452;;2002-06-01 22:25:38;2006-08-02 11:16:19
CAT453;DESCRIPTION FOR CAT453;;2002-04-01 12:42:53;2002-05-08 11:48:51
CAT454;DESCRIPTION FOR CAT454;;2001-03-06 22:18:12;2002-06-04 12:56:15
CAT455;DESCRIPTION FOR CAT455;;2009-02-08 22:29:44;2003-08-03 12:17:51
CAT456;DESCRIPTION FOR CAT456;;2009-07-08 22:31:53;2008-06-01 23:59:46
CAT457;DESCRIPTION FOR CAT457;;2005-08-09 23:32:54;2009-03-02 13:25:53
CAT458;DESCRIPTION FOR CAT458;;2001-02-08 11:39:32;2008-07-04 23:14:29
CAT459;DESCRIPTION FOR CAT459;;2006-02-05 11:33:27;2003-09-04 13:35:43
CAT460;DESCRIPTION FOR CAT460;;2008-03-01 23:46:13;2006-05-07 12:14:57
CAT461;DESCRIPTION FOR CAT461;;2009-08-06 21:33:28;2005-08-05 22:34:39
CAT462;DESCRIPTION FOR CAT462;;2003-04-09 22:33:49;2002-01-03 22:11:19
CAT463;DESCRIPTION FOR CAT463;;2002-05-03 21:44:22;2003-05-09 12:29:31
CAT464;DESCRIPTION FOR CAT464;;2008-04-03 22:56:46;2006-06-03 12:53:15
CAT465;DESCRIPTION FOR CAT465;;2006-05-01 22:53:16;2008-05-09 12:28:57
CAT466;DESCRIPTION FOR CAT466;;2004-04-05 11:56:29;2005-04-09 11:17:29
CAT467;DESCRIPTION FOR CAT467;;2005-01-02 21:36:37;2004-02-09 11:28:36
CAT468;DESCRIPTION FOR CAT468;;2005-06-01 13:12:21;2006-03-02 21:43:59
CAT469;DESCRIPTION FOR CAT469;;2004-06-04 21:19:18;2004-07-01 11:54:38
CAT470;DESCRIPTION FOR CAT470;;2004-03-03 22:51:46;2008-08-05 22:16:35
CAT471;DESCRIPTION FOR CAT471;;2006-01-07 23:53:17;2007-01-02 12:51:26
CAT472;DESCRIPTION FOR CAT472;;2009-04-03 21:55:48;2004-02-03 13:41:49
CAT473;DESCRIPTION FOR CAT473;;2003-04-05 23:29:53;2006-09-05 13:35:12
CAT474;DESCRIPTION FOR CAT474;;2005-08-09 22:12:57;2001-03-03 21:19:45
CAT475;DESCRIPTION FOR CAT475;;2007-02-08 11:31:49;2007-02-01 12:28:17
CAT476;DESCRIPTION FOR CAT476;;2006-06-04 13:36:23;2002-09-09 22:54:42
CAT477;DESCRIPTION FOR CAT477;;2008-08-04 23:55:59;2009-09-03 13:12:42
CAT478;DESCRIPTION FOR CAT478;;2003-07-04 11:29:15;2005-09-01 22:52:32
CAT479;DESCRIPTION FOR CAT479;;2009-06-01 13:53:29;2001-06-08 11:36:27
CAT480;DESCRIPTION FOR CAT480;;2009-03-05 12:29:29;2007-09-07 22:41:59
CAT481;DESCRIPTION FOR CAT481;;2009-03-07 22:25:22;2002-09-07 21:47:29
CAT482;DESCRIPTION FOR CAT482;;2002-08-04 12:49:38;2009-02-09 11:56:22
CAT483;DESCRIPTION FOR CAT483;;2002-05-01 11:25:36;2003-08-02 13:47:56
CAT484;DESCRIPTION FOR CAT484;;2006-03-04 11:34:44;2001-09-08 22:13:38
CAT485;DESCRIPTION FOR CAT485;;2006-08-07 12:17:55;2008-05-03 23:49:44
CAT486;DESCRIPTION FOR CAT486;;2009-06-01 23:11:13;2006-03-02 23:53:11
CAT487;DESCRIPTION FOR CAT487;;2001-03-02 21:27:22;2006-07-01 13:17:49
CAT488;DESCRIPTION FOR CAT488;;2004-05-02 22:39:15;2004-04-03 23:35:25
CAT489;DESCRIPTION FOR CAT489;;2003-05-08 23:17:38;2001-06-08 21:47:44
CAT490;DESCRIPTION FOR CAT490;;2007-05-01 21:38:23;2004-08-04 12:34:21
CAT491;DESCRIPTION FOR CAT491;;2005-04-07 13:45:27;2004-01-04 11:39:18
CAT492;DESCRIPTION FOR CAT492;;2003-05-03 11:31:54;2003-07-02 23:17:37
CAT493;DESCRIPTION FOR CAT493;;2001-05-01 21:23:38;2004-01-01 11:59:41
CAT494;DESCRIPTION FOR CAT494;;2004-07-02 22:16:56;2003-08-01 13:54:27
CAT495;DESCRIPTION FOR CAT495;;2003-02-02 12:36:38;2006-09-07 11:56:12
CAT496;DESCRIPTION FOR CAT496;;2004-08-04 23:44:23;2006-01-01 11:37:18
CAT497;DESCRIPTION FOR CAT497;;2004-07-06 13:57:32;2006-07-04 22:14:12
CAT498;DESCRIPTION FOR CAT498;;2007-02-01 12:26:12;2004-07-05 21:37:35
CAT499;DESCRIPTION FOR CAT499;;2003-09-07 23:58:41;2004-02-01 22:35:25
CAT500;DESCRIPTION FOR CAT500;;2004-01-06 12:21:58;2001-08-05 23:34:52
CAT501;DESCRIPTION FOR CAT501;;2009-09-06 23:45:24;2001-01-07 21:31:17
CAT502;DESCRIPTION FOR CAT502;;2007-03-07 12:32:19;2007-05-02 22:18:37
CAT503;DESCRIPTION FOR CAT503;;2002-06-02 12:58:29;2006-01-09 13:35:25
CAT504;DESCRIPTION FOR CAT504;;2003-05-06 13:27:44;2001-02-03 13:35:15
CAT505;DESCRIPTION FOR CAT505;;2003-05-08 13:15:14;2006-09-09 22:42:19
CAT506;DESCRIPTION FOR CAT506;;2001-03-02 22:25:42;2002-01-08 21:39:15
CAT507;DESCRIPTION FOR CAT507;;2006-09-01 22:33:28;2001-09-02 23:45:37
CAT508;DESCRIPTION FOR CAT508;;2001-04-01 23:21:26;2007-01-03 23:35:31
CAT509;DESCRIPTION FOR CAT509;;2003-05-07 22:35:57;2007-08-09 12:12:48
CAT510;DESCRIPTION FOR CAT510;;2004-04-04 22:49:45;2002-09-08 23:14:34
CAT511;DESCRIPTION FOR CAT511;;2005-07-09 23:54:25;2004-04-01 23:11:34
CAT512;DESCRIPTION FOR CAT512;;2009-06-06 23:41:51;2005-02-01 21:49:24
CAT513;DESCRIPTION FOR CAT513;;2005-04-03 12:35:11;2008-08-05 23:48:56
CAT514;DESCRIPTION FOR CAT514;;2001-01-09 12:11:47;2005-01-03 12:31:34
CAT515;DESCRIPTION FOR CAT515;;2006-01-03 13:23:15;2007-03-04 21:44:54
CAT516;DESCRIPTION FOR CAT516;;2009-06-02 13:54:42;2004-01-01 22:55:44
CAT517;DESCRIPTION FOR CAT517;;2002-04-05 12:16:21;2007-03-07 22:26:14
CAT518;DESCRIPTION FOR CAT518;;2009-03-04 21:37:58;2001-01-09 22:29:55
CAT519;DESCRIPTION FOR CAT519;;2002-08-07 11:51:24;2002-06-08 21:53:28
CAT520;DESCRIPTION FOR CAT520;;2006-07-07 11:57:51;2007-09-01 22:54:32
CAT521;DESCRIPTION FOR CAT521;;2001-03-05 23:36:14;2005-03-02 23:16:14
CAT522;DESCRIPTION FOR CAT522;;2006-06-06 12:39:26;2008-08-06 11:18:29
CAT523;DESCRIPTION FOR CAT523;;2009-07-03 13:51:48;2009-09-06 13:27:57
CAT524;DESCRIPTION FOR CAT524;;2001-03-09 21:44:38;2003-07-09 13:11:53
CAT525;DESCRIPTION FOR CAT525;;2002-06-08 22:48:29;2004-06-03 12:54:28
CAT526;DESCRIPTION FOR CAT526;;2004-01-06 21:53:52;2009-09-05 22:11:35
CAT527;DESCRIPTION FOR CAT527;;2009-02-07 22:56:49;2002-02-06 22:17:18
CAT528;DESCRIPTION FOR CAT528;;2003-06-05 23:19:43;2008-04-07 13:26:46
CAT529;DESCRIPTION FOR CAT529;;2005-09-07 11:19:24;2005-02-01 23:29:57
CAT530;DESCRIPTION FOR CAT530;;2008-05-04 23:36:56;2009-04-01 11:27:37
CAT531;DESCRIPTION FOR CAT531;;2003-05-01 22:49:58;2002-01-09 11:29:35
CAT532;DESCRIPTION FOR CAT532;;2006-01-01 12:32:57;2004-09-09 22:29:22
CAT533;DESCRIPTION FOR CAT533;;2003-07-08 13:41:12;2008-04-06 23:19:46
CAT534;DESCRIPTION FOR CAT534;;2002-08-06 13:55:27;2005-02-02 12:14:24
CAT535;DESCRIPTION FOR CAT535;;2009-02-01 21:26:29;2001-05-06 13:13:11
CAT536;DESCRIPTION FOR CAT536;;2004-09-01 21:35:15;2001-09-08 11:53:24
CAT537;DESCRIPTION FOR CAT537;;2009-06-09 13:15:51;2008-02-08 13:44:46
CAT538;DESCRIPTION FOR CAT538;;2007-06-09 11:27:21;2005-04-05 11:54:51
CAT539;DESCRIPTION FOR CAT539;;2006-08-03 12:15:15;2006-02-06 12:15:45
CAT540;DESCRIPTION FOR CAT540;;2003-04-02 13:11:32;2009-08-03 12:47:38
CAT541;DESCRIPTION FOR CAT541;;2001-06-09 11:31:18;2002-07-01 23:57:35
CAT542;DESCRIPTION FOR CAT542;;2005-03-08 21:43:17;2006-03-05 23:32:16
CAT543;DESCRIPTION FOR CAT543;;2002-01-04 23:11:53;2007-04-07 12:13:17
CAT544;DESCRIPTION FOR CAT544;;2006-01-01 23:17:41;2005-07-06 11:36:47
CAT545;DESCRIPTION FOR CAT545;;2009-02-09 12:19:47;2004-06-05 12:21:16
CAT546;DESCRIPTION FOR CAT546;;2001-04-04 21:49:23;2009-07-05 21:54:22
CAT547;DESCRIPTION FOR CAT547;;2009-06-09 21:11:49;2008-09-01 23:17:11
CAT548;DESCRIPTION FOR CAT548;;2007-08-05 21:45:47;2001-01-06 12:41:13
CAT549;DESCRIPTION FOR CAT549;;2006-01-01 13:56:17;2003-05-08 13:53:53
CAT550;DESCRIPTION FOR CAT550;;2005-06-02 23:53:54;2003-01-08 13:13:43
CAT551;DESCRIPTION FOR CAT551;;2003-02-04 12:54:56;2007-05-03 23:59:42
CAT552;DESCRIPTION FOR CAT552;;2007-04-07 23:31:24;2005-07-01 13:19:53
CAT553;DESCRIPTION FOR CAT553;;2004-02-09 11:33:21;2009-01-07 13:28:28
CAT554;DESCRIPTION FOR CAT554;;2006-07-08 12:23:31;2009-01-03 11:15:41
CAT555;DESCRIPTION FOR CAT555;;2009-02-08 21:54:25;2008-03-05 12:28:19
CAT556;DESCRIPTION FOR CAT556;;2003-02-04 12:22:37;2009-01-05 21:33:41
CAT557;DESCRIPTION FOR CAT557;;2009-07-03 21:57:36;2008-07-01 23:58:35
CAT558;DESCRIPTION FOR CAT558;;2009-01-07 11:25:35;2008-02-07 13:42:22
CAT559;DESCRIPTION FOR CAT559;;2007-01-08 22:48:41;2008-01-04 11:32:56
CAT560;DESCRIPTION FOR CAT560;;2006-04-05 21:17:46;2006-06-09 12:52:22
CAT561;DESCRIPTION FOR CAT561;;2009-03-03 21:22:52;2002-07-09 22:21:38
CAT562;DESCRIPTION FOR CAT562;;2008-06-08 11:33:29;2006-09-01 23:36:52
CAT563;DESCRIPTION FOR CAT563;;2004-01-09 23:13:49;2003-03-06 13:36:39
CAT564;DESCRIPTION FOR CAT564;;2009-08-05 23:17:25;2002-01-02 21:18:18
CAT565;DESCRIPTION FOR CAT565;;2009-03-09 12:57:41;2008-08-03 21:56:49
CAT566;DESCRIPTION FOR CAT566;;2005-05-07 23:35:55;2009-06-07 22:17:51
CAT567;DESCRIPTION FOR CAT567;;2009-08-05 12:46:27;2009-08-03 13:27:36
CAT568;DESCRIPTION FOR CAT568;;2003-08-03 12:37:44;2007-06-05 13:29:44
CAT569;DESCRIPTION FOR CAT569;;2007-09-07 23:57:37;2008-05-09 23:18:11
CAT570;DESCRIPTION FOR CAT570;;2002-05-09 13:44:55;2009-05-01 12:57:14
CAT571;DESCRIPTION FOR CAT571;;2006-07-04 13:29:59;2001-02-01 23:49:36
CAT572;DESCRIPTION FOR CAT572;;2001-01-08 11:14:43;2001-08-01 11:21:26
CAT573;DESCRIPTION FOR CAT573;;2006-03-03 12:14:29;2001-08-09 13:32:48
CAT574;DESCRIPTION FOR CAT574;;2006-07-01 12:33:22;2005-02-01 21:57:22
CAT575;DESCRIPTION FOR CAT575;;2003-06-08 12:15:58;2003-05-02 23:46:37
CAT576;DESCRIPTION FOR CAT576;;2004-07-03 21:49:58;2006-09-05 12:33:34
CAT577;DESCRIPTION FOR CAT577;;2006-09-07 23:38:29;2005-05-07 12:37:39
CAT578;DESCRIPTION FOR CAT578;;2002-09-07 12:21:39;2001-08-04 21:48:12
CAT579;DESCRIPTION FOR CAT579;;2008-04-06 23:12:12;2002-07-09 13:13:21
CAT580;DESCRIPTION FOR CAT580;;2001-03-03 12:52:34;2004-08-07 13:45:34
CAT581;DESCRIPTION FOR CAT581;;2006-02-07 12:11:11;2009-03-09 11:51:55
CAT582;DESCRIPTION FOR CAT582;;2006-04-01 23:15:32;2001-03-04 23:36:47
CAT583;DESCRIPTION FOR CAT583;;2005-05-03 22:17:12;2007-01-04 11:13:38
CAT584;DESCRIPTION FOR CAT584;;2004-05-08 13:47:28;2008-07-09 13:46:22
CAT585;DESCRIPTION FOR CAT585;;2002-09-04 21:57:52;2006-04-09 13:17:21
CAT586;DESCRIPTION FOR CAT586;;2008-08-06 12:26:21;2002-08-03 12:59:33
CAT587;DESCRIPTION FOR CAT587;;2001-07-03 22:15:21;2001-03-07 21:42:51
CAT588;DESCRIPTION FOR CAT588;;2002-07-05 12:23:24;2008-03-02 21:45:12
CAT589;DESCRIPTION FOR CAT589;;2006-08-01 11:43:41;2002-04-04 11:58:14
CAT590;DESCRIPTION FOR CAT590;;2009-09-03 21:18:53;2007-03-04 21:13:13
CAT591;DESCRIPTION FOR CAT591;;2003-01-05 12:17:57;2007-05-01 21:33:55
CAT592;DESCRIPTION FOR CAT592;;2009-08-01 13:21:54;2005-03-08 12:29:57
CAT593;DESCRIPTION FOR CAT593;;2003-01-04 23:18:33;2002-07-02 23:58:52
CAT594;DESCRIPTION FOR CAT594;;2008-07-07 23:58:38;2008-02-07 12:14:56
CAT595;DESCRIPTION FOR CAT595;;2008-05-04 21:18:59;2005-06-04 13:13:53
CAT596;DESCRIPTION FOR CAT596;;2002-02-05 12:33:12;2005-09-03 13:16:28
CAT597;DESCRIPTION FOR CAT597;;2007-08-09 23:19:36;2001-09-09 23:42:38
CAT598;DESCRIPTION FOR CAT598;;2005-03-05 23:14:44;2001-07-07 13:34:16
CAT599;DESCRIPTION FOR CAT599;;2004-07-09 21:18:42;2001-05-05 12:45:38
CAT600;DESCRIPTION FOR CAT600;;2001-05-06 22:28:31;2004-07-06 22:33:56
CAT601;DESCRIPTION FOR CAT601;;2001-09-07 22:38:18;2009-01-09 13:13:12
CAT602;DESCRIPTION FOR CAT602;;2008-03-05 21:36:29;2009-02-09 21:33:25
CAT603;DESCRIPTION FOR CAT603;;2009-07-05 12:45:55;2005-01-01 23:43:55
CAT604;DESCRIPTION FOR CAT604;;2002-02-05 13:25:33;2001-08-01 22:47:59
CAT605;DESCRIPTION FOR CAT605;;2003-01-03 23:21:11;2001-06-03 21:29:39
CAT606;DESCRIPTION FOR CAT606;;2007-04-07 22:31:35;2003-02-04 12:34:56
CAT607;DESCRIPTION FOR CAT607;;2008-08-08 13:23:15;2001-05-03 23:12:33
CAT608;DESCRIPTION FOR CAT608;;2007-05-04 21:43:18;2006-03-07 22:15:41
CAT609;DESCRIPTION FOR CAT609;;2003-03-06 12:21:57;2009-07-03 12:51:16
CAT610;DESCRIPTION FOR CAT610;;2008-08-06 21:21:57;2003-08-05 12:57:36
CAT611;DESCRIPTION FOR CAT611;;2003-08-07 21:42:13;2009-09-07 11:19:45
CAT612;DESCRIPTION FOR CAT612;;2007-06-03 21:13:45;2009-07-09 22:45:19
CAT613;DESCRIPTION FOR CAT613;;2006-01-04 13:53:24;2003-09-06 23:39:31
CAT614;DESCRIPTION FOR CAT614;;2006-01-01 23:29:47;2003-04-05 13:58:15
CAT615;DESCRIPTION FOR CAT615;;2008-03-03 21:32:57;2001-09-01 11:11:17
CAT616;DESCRIPTION FOR CAT616;;2002-04-01 13:39:27;2009-04-09 11:29:52
CAT617;DESCRIPTION FOR CAT617;;2006-07-09 12:13:45;2005-05-06 22:32:49
CAT618;DESCRIPTION FOR CAT618;;2002-06-02 12:28:14;2002-02-08 23:56:21
CAT619;DESCRIPTION FOR CAT619;;2001-03-02 12:23:33;2004-03-03 21:35:32
CAT620;DESCRIPTION FOR CAT620;;2006-07-05 22:37:31;2008-04-01 23:33:22
CAT621;DESCRIPTION FOR CAT621;;2004-04-09 22:21:31;2007-07-08 22:11:55
CAT622;DESCRIPTION FOR CAT622;;2008-06-07 13:44:13;2009-03-04 13:52:52
CAT623;DESCRIPTION FOR CAT623;;2003-05-06 23:39:44;2002-02-06 23:32:52
CAT624;DESCRIPTION FOR CAT624;;2006-01-09 21:42:24;2008-07-03 12:23:24
CAT625;DESCRIPTION FOR CAT625;;2006-06-09 22:12:21;2004-04-01 12:58:15
CAT626;DESCRIPTION FOR CAT626;;2009-09-09 22:11:52;2004-08-02 23:19:59
CAT627;DESCRIPTION FOR CAT627;;2004-02-01 12:53:49;2006-09-07 12:31:36
CAT628;DESCRIPTION FOR CAT628;;2002-05-01 22:26:21;2003-09-01 23:41:18
CAT629;DESCRIPTION FOR CAT629;;2007-06-01 23:24:22;2006-04-08 23:24:45
CAT630;DESCRIPTION FOR CAT630;;2001-05-08 13:12:52;2006-03-07 13:26:17
CAT631;DESCRIPTION FOR CAT631;;2001-01-02 13:51:57;2007-04-09 11:57:28
CAT632;DESCRIPTION FOR CAT632;;2002-03-05 13:29:21;2009-05-05 23:18:22
CAT633;DESCRIPTION FOR CAT633;;2004-08-01 11:18:28;2001-06-05 23:19:35
CAT634;DESCRIPTION FOR CAT634;;2008-08-02 22:51:45;2005-09-04 12:26:49
CAT635;DESCRIPTION FOR CAT635;;2008-01-01 11:34:34;2001-02-09 23:58:32
CAT636;DESCRIPTION FOR CAT636;;2002-09-02 12:22:41;2007-06-03 23:38:31
CAT637;DESCRIPTION FOR CAT637;;2007-05-04 13:11:39;2007-07-03 22:44:44
CAT638;DESCRIPTION FOR CAT638;;2005-03-07 12:13:23;2001-06-01 13:48:15
CAT639;DESCRIPTION FOR CAT639;;2005-07-09 12:27:21;2008-09-06 11:33:48
CAT640;DESCRIPTION FOR CAT640;;2008-07-08 12:21:12;2008-06-03 22:53:25
CAT641;DESCRIPTION FOR CAT641;;2002-09-08 21:27:13;2002-04-08 11:14:31
CAT642;DESCRIPTION FOR CAT642;;2001-06-02 21:51:35;2007-03-06 23:58:54
CAT643;DESCRIPTION FOR CAT643;;2003-04-02 23:12:27;2005-01-05 21:33:34
CAT644;DESCRIPTION FOR CAT644;;2003-03-08 22:23:33;2004-02-08 12:24:36
CAT645;DESCRIPTION FOR CAT645;;2007-02-03 12:21:25;2006-01-07 22:29:49
CAT646;DESCRIPTION FOR CAT646;;2007-06-03 22:44:22;2001-06-06 12:39:15
CAT647;DESCRIPTION FOR CAT647;;2004-09-02 13:35:27;2007-04-07 22:44:34
CAT648;DESCRIPTION FOR CAT648;;2004-09-03 21:52:57;2001-04-01 12:42:21
CAT649;DESCRIPTION FOR CAT649;;2007-08-06 22:19:54;2002-09-02 22:38:22
CAT650;DESCRIPTION FOR CAT650;;2006-05-08 13:34:29;2001-04-01 12:29:32
CAT651;DESCRIPTION FOR CAT651;;2002-02-07 13:37:31;2006-01-07 13:45:49
CAT652;DESCRIPTION FOR CAT652;;2003-06-05 23:17:44;2004-06-04 21:34:29
CAT653;DESCRIPTION FOR CAT653;;2001-05-08 13:43:57;2007-04-02 21:37:53
CAT654;DESCRIPTION FOR CAT654;;2004-04-07 11:44:51;2009-03-07 21:49:57
CAT655;DESCRIPTION FOR CAT655;;2004-01-03 12:56:51;2005-07-07 11:26:17
CAT656;DESCRIPTION FOR CAT656;;2007-06-07 11:53:35;2001-05-04 13:11:11
CAT657;DESCRIPTION FOR CAT657;;2003-08-08 21:17:59;2006-06-02 12:55:33
CAT658;DESCRIPTION FOR CAT658;;2002-06-01 12:33:14;2007-03-06 13:24:12
CAT659;DESCRIPTION FOR CAT659;;2005-06-08 21:42:35;2005-06-06 21:38:42
CAT660;DESCRIPTION FOR CAT660;;2006-03-07 13:56:21;2002-06-01 12:28:43
CAT661;DESCRIPTION FOR CAT661;;2004-09-06 13:28:25;2004-05-09 21:54:59
CAT662;DESCRIPTION FOR CAT662;;2002-09-01 13:44:42;2007-05-02 13:55:29
CAT663;DESCRIPTION FOR CAT663;;2002-07-08 21:54:28;2009-09-08 12:49:26
CAT664;DESCRIPTION FOR CAT664;;2004-01-08 12:51:12;2001-08-08 22:14:41
CAT665;DESCRIPTION FOR CAT665;;2006-08-05 21:15:27;2007-01-07 13:35:45
CAT666;DESCRIPTION FOR CAT666;;2007-05-03 12:36:23;2006-01-02 23:57:32
CAT667;DESCRIPTION FOR CAT667;;2008-04-04 21:38:17;2005-04-05 23:46:57
CAT668;DESCRIPTION FOR CAT668;;2002-01-01 22:48:16;2001-06-08 13:14:44
CAT669;DESCRIPTION FOR CAT669;;2007-07-03 23:57:33;2004-04-08 21:35:51
CAT670;DESCRIPTION FOR CAT670;;2007-02-09 13:31:44;2004-03-05 22:56:38
CAT671;DESCRIPTION FOR CAT671;;2001-01-01 11:57:27;2004-02-07 22:27:46
CAT672;DESCRIPTION FOR CAT672;;2005-03-06 11:23:39;2001-02-05 11:14:55
CAT673;DESCRIPTION FOR CAT673;;2003-09-06 21:55:57;2007-02-01 22:41:52
CAT674;DESCRIPTION FOR CAT674;;2004-09-03 23:15:41;2005-07-09 12:54:59
CAT675;DESCRIPTION FOR CAT675;;2009-05-08 13:33:11;2002-05-09 12:45:53
CAT676;DESCRIPTION FOR CAT676;;2001-04-06 13:18:49;2001-04-01 21:39:21
CAT677;DESCRIPTION FOR CAT677;;2004-09-09 13:54:18;2005-07-06 13:21:28
CAT678;DESCRIPTION FOR CAT678;;2002-02-05 21:15:14;2003-04-04 21:46:37
CAT679;DESCRIPTION FOR CAT679;;2005-03-01 13:49:32;2002-01-05 22:37:47
CAT680;DESCRIPTION FOR CAT680;;2005-06-03 22:23:33;2008-03-04 22:34:33
CAT681;DESCRIPTION FOR CAT681;;2004-02-02 11:36:39;2003-09-01 12:42:22
CAT682;DESCRIPTION FOR CAT682;;2006-08-08 13:53:47;2002-05-01 21:25:11
CAT683;DESCRIPTION FOR CAT683;;2006-01-06 22:39:46;2008-06-06 13:13:48
CAT684;DESCRIPTION FOR CAT684;;2006-02-08 12:22:24;2007-04-09 23:32:44
CAT685;DESCRIPTION FOR CAT685;;2003-02-03 12:56:32;2008-04-09 11:56:52
CAT686;DESCRIPTION FOR CAT686;;2001-03-06 22:38:27;2002-03-07 11:54:31
CAT687;DESCRIPTION FOR CAT687;;2002-08-08 12:45:21;2003-09-04 21:46:49
CAT688;DESCRIPTION FOR CAT688;;2008-09-05 13:25:46;2004-08-06 11:54:22
CAT689;DESCRIPTION FOR CAT689;;2002-01-02 11:43:43;2008-04-01 13:24:29
CAT690;DESCRIPTION FOR CAT690;;2002-01-01 11:26:16;2009-09-04 22:16:33
CAT691;DESCRIPTION FOR CAT691;;2009-02-02 11:51:15;2002-04-04 13:35:36
CAT692;DESCRIPTION FOR CAT692;;2003-01-02 21:39:26;2004-02-07 11:18:37
CAT693;DESCRIPTION FOR CAT693;;2003-03-04 13:55:47;2004-09-05 11:55:11
CAT694;DESCRIPTION FOR CAT694;;2006-02-02 22:53:21;2002-09-01 11:31:46
CAT695;DESCRIPTION FOR CAT695;;2001-08-02 11:23:32;2006-08-01 13:15:55
CAT696;DESCRIPTION FOR CAT696;;2002-06-06 11:53:27;2002-05-02 22:57:49
CAT697;DESCRIPTION FOR CAT697;;2003-03-03 12:54:19;2004-09-04 23:29:44
CAT698;DESCRIPTION FOR CAT698;;2006-03-06 13:42:11;2005-03-04 23:27:47
CAT699;DESCRIPTION FOR CAT699;;2005-08-06 12:53:27;2005-08-07 21:57:43
CAT700;DESCRIPTION FOR CAT700;;2008-04-03 13:14:35;2002-09-04 13:27:19
CAT701;DESCRIPTION FOR CAT701;;2002-05-09 21:28:27;2006-05-01 23:47:12
CAT702;DESCRIPTION FOR CAT702;;2001-01-05 22:43:21;2006-04-02 21:59:35
CAT703;DESCRIPTION FOR CAT703;;2004-03-05 23:31:18;2007-01-02 12:43:18
CAT704;DESCRIPTION FOR CAT704;;2005-09-07 23:41:26;2005-08-06 12:19:25
CAT705;DESCRIPTION FOR CAT705;;2004-08-05 22:23:41;2001-08-01 21:32:31
CAT706;DESCRIPTION FOR CAT706;;2008-06-02 23:24:38;2009-08-05 12:22:57
CAT707;DESCRIPTION FOR CAT707;;2009-02-09 13:36:11;2005-06-05 23:47:53
CAT708;DESCRIPTION FOR CAT708;;2001-04-08 12:39:12;2001-09-01 21:33:42
CAT709;DESCRIPTION FOR CAT709;;2005-01-07 12:58:49;2002-02-04 13:26:43
CAT710;DESCRIPTION FOR CAT710;;2006-06-03 21:44:28;2004-05-07 21:44:31
CAT711;DESCRIPTION FOR CAT711;;2001-01-04 21:59:25;2003-08-08 11:54:46
CAT712;DESCRIPTION FOR CAT712;;2005-07-06 12:15:18;2004-04-03 22:53:54
CAT713;DESCRIPTION FOR CAT713;;2005-04-03 13:27:28;2001-08-01 13:32:51
CAT714;DESCRIPTION FOR CAT714;;2008-03-07 22:43:57;2007-01-07 23:34:16
CAT715;DESCRIPTION FOR CAT715;;2002-07-04 12:32:23;2004-09-03 21:45:18
CAT716;DESCRIPTION FOR CAT716;;2001-05-03 23:54:52;2003-06-04 23:26:19
CAT717;DESCRIPTION FOR CAT717;;2009-03-02 23:17:45;2005-06-01 12:37:47
CAT718;DESCRIPTION FOR CAT718;;2005-04-02 13:19:38;2003-08-01 23:31:28
CAT719;DESCRIPTION FOR CAT719;;2006-03-01 12:38:15;2001-07-01 12:35:25
CAT720;DESCRIPTION FOR CAT720;;2001-07-08 22:43:16;2004-08-06 13:33:23
CAT721;DESCRIPTION FOR CAT721;;2002-06-04 11:49:14;2008-03-04 11:38:39
CAT722;DESCRIPTION FOR CAT722;;2001-04-08 23:41:36;2009-01-05 12:45:48
CAT723;DESCRIPTION FOR CAT723;;2007-01-04 13:38:21;2007-03-07 22:14:42
CAT724;DESCRIPTION FOR CAT724;;2009-05-01 13:43:42;2006-01-04 11:23:58
CAT725;DESCRIPTION FOR CAT725;;2002-08-03 21:22:44;2008-04-04 23:54:43
CAT726;DESCRIPTION FOR CAT726;;2008-09-06 23:34:46;2009-03-03 22:55:21
CAT727;DESCRIPTION FOR CAT727;;2001-08-09 23:34:34;2009-05-04 12:45:53
CAT728;DESCRIPTION FOR CAT728;;2007-02-01 13:44:43;2001-08-04 12:59:13
CAT729;DESCRIPTION FOR CAT729;;2008-09-07 11:24:27;2005-04-04 11:57:19
CAT730;DESCRIPTION FOR CAT730;;2008-04-04 21:28:37;2005-04-02 13:16:13
CAT731;DESCRIPTION FOR CAT731;;2001-04-07 23:48:32;2001-02-08 21:43:42
CAT732;DESCRIPTION FOR CAT732;;2002-04-05 22:42:18;2003-07-08 21:14:51
CAT733;DESCRIPTION FOR CAT733;;2005-09-04 13:55:55;2003-03-07 13:53:36
CAT734;DESCRIPTION FOR CAT734;;2006-04-02 11:52:51;2001-06-07 11:45:15
CAT735;DESCRIPTION FOR CAT735;;2004-03-02 21:21:23;2004-09-01 13:48:36
CAT736;DESCRIPTION FOR CAT736;;2006-05-04 11:59:35;2002-07-09 23:49:56
CAT737;DESCRIPTION FOR CAT737;;2004-02-01 23:58:29;2001-09-02 12:29:38
CAT738;DESCRIPTION FOR CAT738;;2006-08-03 22:37:41;2001-06-03 22:32:12
CAT739;DESCRIPTION FOR CAT739;;2008-04-04 22:15:46;2009-09-05 23:34:22
CAT740;DESCRIPTION FOR CAT740;;2003-05-09 23:47:28;2005-04-03 11:52:27
CAT741;DESCRIPTION FOR CAT741;;2006-08-09 22:36:21;2003-07-06 13:16:32
CAT742;DESCRIPTION FOR CAT742;;2004-05-03 21:35:27;2008-06-02 22:38:11
CAT743;DESCRIPTION FOR CAT743;;2005-02-05 23:33:51;2004-01-07 13:39:53
CAT744;DESCRIPTION FOR CAT744;;2008-08-01 13:58:22;2003-07-04 23:56:54
CAT745;DESCRIPTION FOR CAT745;;2005-09-02 13:27:26;2003-07-01 23:43:39
CAT746;DESCRIPTION FOR CAT746;;2003-02-04 13:53:34;2001-04-04 23:54:38
CAT747;DESCRIPTION FOR CAT747;;2002-07-07 22:13:28;2007-01-04 22:11:45
CAT748;DESCRIPTION FOR CAT748;;2008-02-09 11:44:24;2005-07-03 13:18:16
CAT749;DESCRIPTION FOR CAT749;;2009-07-02 11:41:39;2006-07-09 23:14:46
CAT750;DESCRIPTION FOR CAT750;;2008-06-01 22:12:18;2002-06-04 12:42:14
CAT751;DESCRIPTION FOR CAT751;;2005-04-08 13:12:19;2006-04-09 13:32:49
CAT752;DESCRIPTION FOR CAT752;;2009-07-09 13:12:57;2002-01-07 12:24:28
CAT753;DESCRIPTION FOR CAT753;;2005-04-02 22:39:23;2009-04-01 23:48:25
CAT754;DESCRIPTION FOR CAT754;;2009-09-02 23:24:54;2008-08-04 11:15:21
CAT755;DESCRIPTION FOR CAT755;;2005-01-02 12:55:31;2009-03-07 22:27:16
CAT756;DESCRIPTION FOR CAT756;;2007-05-04 22:11:11;2001-07-07 13:47:54
CAT757;DESCRIPTION FOR CAT757;;2003-02-01 21:29:26;2009-09-09 13:28:47
CAT758;DESCRIPTION FOR CAT758;;2001-05-08 11:46:39;2008-03-07 12:57:19
CAT759;DESCRIPTION FOR CAT759;;2006-08-06 12:22:14;2006-05-07 11:57:37
CAT760;DESCRIPTION FOR CAT760;;2007-09-03 11:32:15;2001-08-04 11:13:13
CAT761;DESCRIPTION FOR CAT761;;2006-03-09 21:38:47;2001-08-01 21:56:56
CAT762;DESCRIPTION FOR CAT762;;2004-08-04 11:25:54;2009-03-02 11:31:21
CAT763;DESCRIPTION FOR CAT763;;2003-07-02 23:48:48;2002-09-08 12:31:41
CAT764;DESCRIPTION FOR CAT764;;2007-01-08 22:43:49;2004-05-08 13:16:33
CAT765;DESCRIPTION FOR CAT765;;2007-02-09 11:25:44;2007-09-03 22:43:34
CAT766;DESCRIPTION FOR CAT766;;2001-09-06 22:57:43;2006-06-08 12:37:23
CAT767;DESCRIPTION FOR CAT767;;2008-07-07 23:44:36;2003-06-09 23:34:28
CAT768;DESCRIPTION FOR CAT768;;2002-03-03 22:26:18;2006-07-01 21:52:36
CAT769;DESCRIPTION FOR CAT769;;2003-02-04 13:48:59;2002-02-02 23:58:33
CAT770;DESCRIPTION FOR CAT770;;2004-09-09 22:51:15;2006-04-09 23:25:38
CAT771;DESCRIPTION FOR CAT771;;2006-01-05 22:58:39;2009-01-01 13:39:47
CAT772;DESCRIPTION FOR CAT772;;2005-07-06 21:35:51;2009-01-06 11:25:35
CAT773;DESCRIPTION FOR CAT773;;2004-05-08 12:43:31;2008-02-09 11:29:31
CAT774;DESCRIPTION FOR CAT774;;2001-07-09 22:56:52;2001-03-01 21:22:58
CAT775;DESCRIPTION FOR CAT775;;2005-03-01 11:37:27;2004-08-06 21:29:41
CAT776;DESCRIPTION FOR CAT776;;2009-03-03 21:54:59;2005-07-07 23:59:53
CAT777;DESCRIPTION FOR CAT777;;2008-06-09 12:57:14;2002-02-02 21:45:48
CAT778;DESCRIPTION FOR CAT778;;2005-09-03 23:12:38;2005-03-01 23:51:52
CAT779;DESCRIPTION FOR CAT779;;2001-08-09 22:53:15;2008-01-02 11:42:45
CAT780;DESCRIPTION FOR CAT780;;2007-08-03 11:27:52;2009-06-06 21:52:58
CAT781;DESCRIPTION FOR CAT781;;2004-03-07 22:47:14;2003-07-05 12:23:17
CAT782;DESCRIPTION FOR CAT782;;2003-02-02 22:24:15;2009-06-04 11:34:23
CAT783;DESCRIPTION FOR CAT783;;2007-08-03 22:15:14;2003-04-05 22:21:25
CAT784;DESCRIPTION FOR CAT784;;2004-03-06 23:22:58;2004-07-08 11:59:43
CAT785;DESCRIPTION FOR CAT785;;2005-06-02 23:33:51;2008-09-05 12:49:48
CAT786;DESCRIPTION FOR CAT786;;2001-05-01 23:26:37;2009-05-01 13:32:41
CAT787;DESCRIPTION FOR CAT787;;2004-03-05 13:38:57;2003-08-04 21:42:41
CAT788;DESCRIPTION FOR CAT788;;2006-06-03 21:56:51;2007-03-09 12:28:13
CAT789;DESCRIPTION FOR CAT789;;2006-04-01 12:36:11;2002-09-02 22:34:39
CAT790;DESCRIPTION FOR CAT790;;2004-03-01 11:27:24;2008-01-08 22:15:35
CAT791;DESCRIPTION FOR CAT791;;2004-04-09 23:59:41;2006-01-08 13:24:58
CAT792;DESCRIPTION FOR CAT792;;2004-07-06 13:26:49;2003-04-07 13:58:18
CAT793;DESCRIPTION FOR CAT793;;2009-03-05 22:28:11;2002-02-04 13:18:36
CAT794;DESCRIPTION FOR CAT794;;2003-08-02 21:21:11;2006-07-07 11:39:13
CAT795;DESCRIPTION FOR CAT795;;2009-02-07 21:46:22;2004-03-08 21:42:22
CAT796;DESCRIPTION FOR CAT796;;2008-01-08 23:51:16;2005-09-06 22:27:23
CAT797;DESCRIPTION FOR CAT797;;2004-02-03 12:39:17;2001-02-08 13:56:33
CAT798;DESCRIPTION FOR CAT798;;2005-01-05 22:28:51;2007-01-08 21:58:54
CAT799;DESCRIPTION FOR CAT799;;2004-09-05 21:35:58;2004-04-04 13:49:27
CAT800;DESCRIPTION FOR CAT800;;2003-07-05 22:27:16;2004-08-09 13:18:37
CAT801;DESCRIPTION FOR CAT801;;2003-03-01 22:58:43;2003-05-03 12:23:32
CAT802;DESCRIPTION FOR CAT802;;2007-06-04 13:21:19;2004-04-07 11:52:25
CAT803;DESCRIPTION FOR CAT803;;2006-06-08 12:49:39;2003-01-04 11:28:37
CAT804;DESCRIPTION FOR CAT804;;2004-02-05 11:28:34;2009-01-07 21:56:47
CAT805;DESCRIPTION FOR CAT805;;2003-05-02 21:33:28;2001-04-01 22:23:17
CAT806;DESCRIPTION FOR CAT806;;2007-01-06 22:32:25;2001-03-09 13:39:44
CAT807;DESCRIPTION FOR CAT807;;2001-06-09 11:28:33;2007-03-06 23:32:33
CAT808;DESCRIPTION FOR CAT808;;2006-01-08 22:51:19;2005-01-08 12:53:22
CAT809;DESCRIPTION FOR CAT809;;2005-04-07 13:52:13;2001-08-01 12:39:36
CAT810;DESCRIPTION FOR CAT810;;2007-09-06 21:55:44;2008-01-01 13:45:42
CAT811;DESCRIPTION FOR CAT811;;2004-01-05 11:18:26;2006-06-05 13:49:54
CAT812;DESCRIPTION FOR CAT812;;2007-07-01 23:24:45;2007-03-05 13:36:37
CAT813;DESCRIPTION FOR CAT813;;2001-01-06 23:28:24;2003-04-05 21:45:37
CAT814;DESCRIPTION FOR CAT814;;2005-07-04 12:18:25;2009-01-07 11:38:54
CAT815;DESCRIPTION FOR CAT815;;2005-07-05 22:19:44;2004-05-07 22:22:17
CAT816;DESCRIPTION FOR CAT816;;2002-06-03 21:44:57;2005-01-06 13:59:55
CAT817;DESCRIPTION FOR CAT817;;2009-03-06 23:13:12;2009-04-04 22:41:46
CAT818;DESCRIPTION FOR CAT818;;2009-05-04 21:46:57;2004-05-01 13:52:56
CAT819;DESCRIPTION FOR CAT819;;2005-05-09 12:38:29;2006-04-05 21:12:19
CAT820;DESCRIPTION FOR CAT820;;2006-07-02 22:39:19;2006-02-02 11:25:58
CAT821;DESCRIPTION FOR CAT821;;2006-07-08 21:34:54;2004-08-02 13:43:57
CAT822;DESCRIPTION FOR CAT822;;2002-01-09 22:16:15;2006-03-05 22:49:11
CAT823;DESCRIPTION FOR CAT823;;2009-07-01 11:37:57;2008-02-01 11:23:57
CAT824;DESCRIPTION FOR CAT824;;2009-03-08 11:51:11;2002-01-04 13:19:34
CAT825;DESCRIPTION FOR CAT825;;2004-04-03 11:54:54;2008-07-01 21:38:54
CAT826;DESCRIPTION FOR CAT826;;2001-05-09 21:38:48;2001-09-07 11:44:38
CAT827;DESCRIPTION FOR CAT827;;2002-08-07 21:28:55;2003-05-04 12:57:57
CAT828;DESCRIPTION FOR CAT828;;2004-05-01 21:23:55;2004-01-08 22:37:37
CAT829;DESCRIPTION FOR CAT829;;2003-06-04 13:24:19;2007-08-04 13:19:12
CAT830;DESCRIPTION FOR CAT830;;2005-01-08 11:46:46;2009-06-07 23:52:48
CAT831;DESCRIPTION FOR CAT831;;2005-09-04 13:57:59;2003-01-08 23:27:27
CAT832;DESCRIPTION FOR CAT832;;2008-03-08 11:34:39;2004-02-01 13:11:32
CAT833;DESCRIPTION FOR CAT833;;2008-09-07 11:41:26;2002-02-04 11:28:56
CAT834;DESCRIPTION FOR CAT834;;2004-08-02 22:36:12;2009-01-07 11:41:57
CAT835;DESCRIPTION FOR CAT835;;2004-04-05 13:52:43;2002-06-07 22:18:32
CAT836;DESCRIPTION FOR CAT836;;2001-03-07 12:41:43;2002-04-05 22:14:16
CAT837;DESCRIPTION FOR CAT837;;2008-01-04 13:23:12;2007-08-07 23:24:26
CAT838;DESCRIPTION FOR CAT838;;2005-07-01 23:35:21;2003-03-06 13:15:18
CAT839;DESCRIPTION FOR CAT839;;2003-06-08 22:38:29;2003-07-08 11:55:32
CAT840;DESCRIPTION FOR CAT840;;2001-09-04 13:17:46;2001-08-03 12:59:48
CAT841;DESCRIPTION FOR CAT841;;2009-05-09 13:54:29;2005-05-05 23:36:39
CAT842;DESCRIPTION FOR CAT842;;2009-07-05 21:59:24;2006-09-09 23:43:46
CAT843;DESCRIPTION FOR CAT843;;2006-08-05 11:13:54;2002-09-01 22:38:12
CAT844;DESCRIPTION FOR CAT844;;2007-08-05 22:48:46;2007-09-07 12:32:24
CAT845;DESCRIPTION FOR CAT845;;2002-09-09 22:17:54;2007-03-04 22:49:54
CAT846;DESCRIPTION FOR CAT846;;2009-02-05 23:35:43;2005-06-06 11:17:18
CAT847;DESCRIPTION FOR CAT847;;2009-01-04 22:28:17;2004-02-01 23:53:35
CAT848;DESCRIPTION FOR CAT848;;2009-07-09 21:47:18;2008-01-03 13:27:39
CAT849;DESCRIPTION FOR CAT849;;2005-06-01 21:36:24;2001-03-04 21:13:31
CAT850;DESCRIPTION FOR CAT850;;2008-07-02 11:43:49;2004-03-07 11:33:23
CAT851;DESCRIPTION FOR CAT851;;2004-01-03 11:29:53;2001-09-04 11:38:44
CAT852;DESCRIPTION FOR CAT852;;2001-09-09 22:48:58;2003-02-02 21:45:38
CAT853;DESCRIPTION FOR CAT853;;2005-06-02 11:13:27;2005-04-06 23:45:27
CAT854;DESCRIPTION FOR CAT854;;2001-09-02 23:25:55;2007-06-09 12:51:31
CAT855;DESCRIPTION FOR CAT855;;2007-08-05 22:22:19;2004-03-04 12:56:55
CAT856;DESCRIPTION FOR CAT856;;2002-05-07 13:16:57;2002-08-06 22:47:13
CAT857;DESCRIPTION FOR CAT857;;2007-03-04 12:11:11;2004-05-02 12:35:22
CAT858;DESCRIPTION FOR CAT858;;2005-07-03 12:58:51;2005-05-04 23:31:49
CAT859;DESCRIPTION FOR CAT859;;2004-06-07 11:35:35;2006-09-04 22:26:44
CAT860;DESCRIPTION FOR CAT860;;2005-02-03 12:44:16;2006-01-08 13:44:16
CAT861;DESCRIPTION FOR CAT861;;2001-05-06 23:12:11;2006-03-01 13:13:58
CAT862;DESCRIPTION FOR CAT862;;2002-09-03 21:39:58;2007-02-05 11:24:47
CAT863;DESCRIPTION FOR CAT863;;2007-08-04 11:45:47;2005-03-01 21:48:29
CAT864;DESCRIPTION FOR CAT864;;2004-09-06 12:27:36;2009-07-07 21:52:41
CAT865;DESCRIPTION FOR CAT865;;2004-08-08 12:18:12;2001-04-01 22:31:59
CAT866;DESCRIPTION FOR CAT866;;2005-09-06 11:32:35;2006-06-01 23:55:21
CAT867;DESCRIPTION FOR CAT867;;2008-07-07 22:31:39;2006-06-08 12:39:13
CAT868;DESCRIPTION FOR CAT868;;2005-05-08 21:59:17;2002-05-02 13:23:32
CAT869;DESCRIPTION FOR CAT869;;2007-07-05 21:21:41;2004-07-08 13:55:28
CAT870;DESCRIPTION FOR CAT870;;2004-05-08 21:45:33;2006-04-03 22:56:52
CAT871;DESCRIPTION FOR CAT871;;2007-07-07 21:43:21;2008-07-02 11:45:34
CAT872;DESCRIPTION FOR CAT872;;2007-04-04 13:23:53;2008-04-01 11:23:58
CAT873;DESCRIPTION FOR CAT873;;2002-04-09 11:16:35;2009-03-03 12:22:16
CAT874;DESCRIPTION FOR CAT874;;2004-03-03 23:57:46;2003-07-06 12:53:21
CAT875;DESCRIPTION FOR CAT875;;2008-06-07 23:51:25;2008-05-01 11:55:16
CAT876;DESCRIPTION FOR CAT876;;2005-02-06 12:12:25;2006-03-02 11:47:43
CAT877;DESCRIPTION FOR CAT877;;2009-06-02 22:19:52;2005-06-04 13:22:26
CAT878;DESCRIPTION FOR CAT878;;2008-06-03 12:37:43;2009-07-01 13:35:44
CAT879;DESCRIPTION FOR CAT879;;2004-09-05 21:55:35;2004-03-08 22:45:13
CAT880;DESCRIPTION FOR CAT880;;2007-04-08 22:51:38;2003-01-04 13:14:12
CAT881;DESCRIPTION FOR CAT881;;2006-06-04 11:24:29;2004-06-03 11:25:34
CAT882;DESCRIPTION FOR CAT882;;2009-02-01 12:17:48;2007-04-07 12:59:53
CAT883;DESCRIPTION FOR CAT883;;2009-01-07 22:35:44;2001-08-01 23:56:46
CAT884;DESCRIPTION FOR CAT884;;2005-05-02 23:38:29;2001-01-06 11:43:23
CAT885;DESCRIPTION FOR CAT885;;2004-01-01 11:47:57;2004-08-01 12:38:26
CAT886;DESCRIPTION FOR CAT886;;2001-05-02 13:31:58;2009-08-07 21:37:45
CAT887;DESCRIPTION FOR CAT887;;2004-05-02 13:38:51;2007-02-04 11:59:12
CAT888;DESCRIPTION FOR CAT888;;2006-01-01 13:34:42;2009-08-05 22:41:24
CAT889;DESCRIPTION FOR CAT889;;2002-07-08 22:27:55;2009-04-03 21:12:39
CAT890;DESCRIPTION FOR CAT890;;2008-08-09 11:37:55;2002-03-09 22:11:33
CAT891;DESCRIPTION FOR CAT891;;2007-09-07 21:54:19;2002-08-03 11:45:46
CAT892;DESCRIPTION FOR CAT892;;2002-09-06 23:49:57;2001-05-08 11:18:59
CAT893;DESCRIPTION FOR CAT893;;2006-07-08 23:37:22;2008-05-06 12:13:57
CAT894;DESCRIPTION FOR CAT894;;2004-09-06 13:41:14;2009-02-01 11:17:14
CAT895;DESCRIPTION FOR CAT895;;2003-04-07 12:47:55;2008-02-07 23:15:38
CAT896;DESCRIPTION FOR CAT896;;2001-03-06 12:47:12;2004-02-07 22:26:23
CAT897;DESCRIPTION FOR CAT897;;2003-07-08 13:38:22;2009-06-07 12:31:57
CAT898;DESCRIPTION FOR CAT898;;2005-07-08 13:32:41;2001-06-09 22:43:17
CAT899;DESCRIPTION FOR CAT899;;2002-09-09 22:28:34;2007-06-01 22:34:55
CAT900;DESCRIPTION FOR CAT900;;2008-02-03 22:17:12;2001-02-04 21:56:52
CAT901;DESCRIPTION FOR CAT901;;2007-09-06 12:18:48;2008-04-01 13:27:24
CAT902;DESCRIPTION FOR CAT902;;2004-09-07 22:42:13;2001-07-04 22:56:13
CAT903;DESCRIPTION FOR CAT903;;2002-01-04 21:44:55;2007-07-06 21:17:49
CAT904;DESCRIPTION FOR CAT904;;2007-05-02 23:19:48;2008-07-07 13:58:34
CAT905;DESCRIPTION FOR CAT905;;2004-06-09 12:17:26;2008-04-08 11:11:33
CAT906;DESCRIPTION FOR CAT906;;2008-06-05 22:52:46;2007-05-07 11:24:18
CAT907;DESCRIPTION FOR CAT907;;2002-04-02 21:23:36;2004-02-07 23:24:31
CAT908;DESCRIPTION FOR CAT908;;2006-08-02 22:13:34;2008-01-06 11:44:48
CAT909;DESCRIPTION FOR CAT909;;2003-03-08 13:53:34;2007-07-01 11:51:57
CAT910;DESCRIPTION FOR CAT910;;2008-07-04 12:41:46;2009-05-05 13:15:39
CAT911;DESCRIPTION FOR CAT911;;2003-08-07 13:39:45;2006-08-02 13:43:55
CAT912;DESCRIPTION FOR CAT912;;2006-02-06 13:45:59;2008-09-02 13:35:37
CAT913;DESCRIPTION FOR CAT913;;2006-09-01 13:26:59;2005-01-08 23:43:28
CAT914;DESCRIPTION FOR CAT914;;2004-02-09 22:17:23;2009-03-04 13:48:25
CAT915;DESCRIPTION FOR CAT915;;2001-03-08 12:56:39;2007-06-08 13:31:27
CAT916;DESCRIPTION FOR CAT916;;2004-09-05 22:49:53;2009-07-01 21:52:38
CAT917;DESCRIPTION FOR CAT917;;2001-05-03 23:25:25;2002-05-07 12:34:28
CAT918;DESCRIPTION FOR CAT918;;2009-06-05 12:42:34;2001-02-06 11:14:18
CAT919;DESCRIPTION FOR CAT919;;2007-01-04 21:26:53;2004-07-06 13:43:41
CAT920;DESCRIPTION FOR CAT920;;2008-02-03 12:52:27;2009-09-04 22:48:16
CAT921;DESCRIPTION FOR CAT921;;2008-03-02 22:49:56;2007-07-02 11:35:38
CAT922;DESCRIPTION FOR CAT922;;2008-03-03 23:16:34;2002-05-03 13:39:42
CAT923;DESCRIPTION FOR CAT923;;2004-02-09 11:31:32;2001-06-04 12:29:29
CAT924;DESCRIPTION FOR CAT924;;2009-04-02 12:41:24;2009-05-04 21:51:41
CAT925;DESCRIPTION FOR CAT925;;2006-01-01 13:16:49;2001-03-05 21:31:16
CAT926;DESCRIPTION FOR CAT926;;2001-02-01 12:56:54;2007-04-07 21:49:36
CAT927;DESCRIPTION FOR CAT927;;2006-03-05 13:21:39;2009-05-07 21:26:24
CAT928;DESCRIPTION FOR CAT928;;2007-04-09 13:13:28;2005-05-02 11:21:51
CAT929;DESCRIPTION FOR CAT929;;2004-07-08 13:59:17;2004-06-03 22:14:14
CAT930;DESCRIPTION FOR CAT930;;2005-09-08 12:42:15;2003-05-05 11:49:44
CAT931;DESCRIPTION FOR CAT931;;2001-01-01 23:22:56;2008-02-04 23:55:58
CAT932;DESCRIPTION FOR CAT932;;2004-08-06 12:21:15;2007-07-08 11:33:39
CAT933;DESCRIPTION FOR CAT933;;2008-07-07 23:34:22;2007-09-01 21:47:31
CAT934;DESCRIPTION FOR CAT934;;2006-01-04 23:18:44;2001-06-03 23:46:12
CAT935;DESCRIPTION FOR CAT935;;2007-04-08 23:26:22;2007-04-07 22:33:31
CAT936;DESCRIPTION FOR CAT936;;2005-01-03 22:57:53;2002-04-03 22:33:45
CAT937;DESCRIPTION FOR CAT937;;2007-02-02 23:33:37;2004-03-07 21:51:12
CAT938;DESCRIPTION FOR CAT938;;2001-06-05 23:53:49;2009-05-01 13:48:55
CAT939;DESCRIPTION FOR CAT939;;2001-02-01 23:14:34;2004-04-09 21:55:24
CAT940;DESCRIPTION FOR CAT940;;2004-09-07 12:59:48;2001-02-03 13:48:52
CAT941;DESCRIPTION FOR CAT941;;2006-05-09 21:21:36;2006-03-03 22:52:58
CAT942;DESCRIPTION FOR CAT942;;2007-08-09 23:11:17;2007-07-09 11:23:18
CAT943;DESCRIPTION FOR CAT943;;2005-05-04 12:41:47;2005-06-09 13:35:36
CAT944;DESCRIPTION FOR CAT944;;2001-02-05 23:15:33;2004-02-06 11:28:55
CAT945;DESCRIPTION FOR CAT945;;2007-06-04 22:11:53;2008-06-04 12:27:49
CAT946;DESCRIPTION FOR CAT946;;2004-03-02 23:11:42;2009-08-08 12:54:29
CAT947;DESCRIPTION FOR CAT947;;2002-08-01 21:39:13;2004-08-09 12:15:46
CAT948;DESCRIPTION FOR CAT948;;2002-08-09 12:19:25;2001-02-07 23:49:11
CAT949;DESCRIPTION FOR CAT949;;2009-07-02 23:43:48;2006-05-03 12:23:37
CAT950;DESCRIPTION FOR CAT950;;2005-02-08 23:46:48;2009-01-06 12:15:38
CAT951;DESCRIPTION FOR CAT951;;2004-07-05 12:18:33;2004-07-09 12:45:17
CAT952;DESCRIPTION FOR CAT952;;2004-03-07 22:57:27;2007-04-08 21:39:46
CAT953;DESCRIPTION FOR CAT953;;2005-06-09 11:26:56;2007-04-02 12:23:13
CAT954;DESCRIPTION FOR CAT954;;2005-02-01 21:15:29;2003-04-03 11:57:55
CAT955;DESCRIPTION FOR CAT955;;2007-02-07 23:57:45;2002-03-07 11:22:58
CAT956;DESCRIPTION FOR CAT956;;2005-02-09 11:34:34;2002-02-03 21:12:39
CAT957;DESCRIPTION FOR CAT957;;2007-08-04 21:53:12;2006-05-06 12:33:35
CAT958;DESCRIPTION FOR CAT958;;2001-09-05 22:23:32;2005-09-03 21:48:14
CAT959;DESCRIPTION FOR CAT959;;2004-05-03 23:39:55;2004-09-03 13:52:14
CAT960;DESCRIPTION FOR CAT960;;2001-08-02 22:18:36;2004-07-05 12:59:59
CAT961;DESCRIPTION FOR CAT961;;2003-03-07 22:55:24;2005-01-02 22:35:14
CAT962;DESCRIPTION FOR CAT962;;2004-07-01 12:28:12;2006-03-05 11:36:33
CAT963;DESCRIPTION FOR CAT963;;2007-07-04 22:26:22;2002-02-08 12:19:16
CAT964;DESCRIPTION FOR CAT964;;2009-04-02 11:16:37;2003-05-09 12:36:25
CAT965;DESCRIPTION FOR CAT965;;2001-07-09 13:48:53;2001-06-09 23:11:22
CAT966;DESCRIPTION FOR CAT966;;2001-06-04 21:25:39;2005-03-05 22:17:18
CAT967;DESCRIPTION FOR CAT967;;2002-09-01 12:12:24;2006-09-01 11:59:56
CAT968;DESCRIPTION FOR CAT968;;2005-08-09 12:25:27;2006-01-06 21:27:22
CAT969;DESCRIPTION FOR CAT969;;2009-02-09 13:23:17;2004-01-06 22:15:57
CAT970;DESCRIPTION FOR CAT970;;2004-06-03 12:26:19;2008-02-03 12:51:37
CAT971;DESCRIPTION FOR CAT971;;2001-01-03 21:43:42;2001-05-03 13:25:48
CAT972;DESCRIPTION FOR CAT972;;2006-07-01 12:49:41;2002-07-02 12:52:53
CAT973;DESCRIPTION FOR CAT973;;2009-08-06 13:34:38;2008-06-04 21:49:52
CAT974;DESCRIPTION FOR CAT974;;2008-03-07 12:13:31;2005-05-03 12:57:24
CAT975;DESCRIPTION FOR CAT975;;2004-01-01 11:41:35;2002-03-05 11:57:51
CAT976;DESCRIPTION FOR CAT976;;2009-01-06 12:51:31;2003-07-05 13:16:47
CAT977;DESCRIPTION FOR CAT977;;2008-01-08 11:58:56;2007-09-01 12:43:33
CAT978;DESCRIPTION FOR CAT978;;2004-04-08 13:38:22;2007-09-04 22:31:44
CAT979;DESCRIPTION FOR CAT979;;2004-09-01 11:34:25;2007-05-06 13:18:56
CAT980;DESCRIPTION FOR CAT980;;2005-09-08 21:24:21;2001-09-06 21:32:53
CAT981;DESCRIPTION FOR CAT981;;2004-04-03 13:11:51;2009-09-07 11:33:18
CAT982;DESCRIPTION FOR CAT982;;2006-01-08 23:39:29;2001-07-07 12:46:53
CAT983;DESCRIPTION FOR CAT983;;2004-08-03 21:56:56;2002-04-06 12:57:28
CAT984;DESCRIPTION FOR CAT984;;2008-09-02 12:59:58;2007-01-08 13:23:29
CAT985;DESCRIPTION FOR CAT985;;2003-02-08 13:48:42;2002-04-07 11:58:54
CAT986;DESCRIPTION FOR CAT986;;2008-05-08 12:14:53;2002-01-05 12:33:47
CAT987;DESCRIPTION FOR CAT987;;2004-06-02 12:11:25;2006-06-05 13:46:39
CAT988;DESCRIPTION FOR CAT988;;2004-01-09 11:47:34;2002-08-01 11:45:33
CAT989;DESCRIPTION FOR CAT989;;2004-08-02 13:48:29;2008-02-08 22:13:19
CAT990;DESCRIPTION FOR CAT990;;2007-01-04 13:37:55;2002-07-09 13:16:13
CAT991;DESCRIPTION FOR CAT991;;2005-06-07 23:19:25;2004-04-09 12:59:29
CAT992;DESCRIPTION FOR CAT992;;2001-01-07 22:55:35;2002-05-03 21:25:33
CAT993;DESCRIPTION FOR CAT993;;2002-04-08 13:19:18;2006-05-06 13:41:46
CAT994;DESCRIPTION FOR CAT994;;2003-07-02 23:17:55;2006-07-08 23:52:34
CAT995;DESCRIPTION FOR CAT995;;2006-07-08 12:11:15;2007-09-02 12:35:51
CAT996;DESCRIPTION FOR CAT996;;2009-08-01 11:21:35;2009-04-07 21:35:45
CAT997;DESCRIPTION FOR CAT997;;2005-09-04 22:38:46;2003-02-09 11:37:33
CAT998;DESCRIPTION FOR CAT998;;2005-06-02 22:57:14;2001-09-05 12:31:25
CAT999;DESCRIPTION FOR CAT999;;2003-06-09 13:26:25;2004-08-09 13:27:55
CAT1000;DESCRIPTION FOR CAT1000;;2003-08-04 12:15:11;2001-02-06 23:19:45